aX,aY,aZ,gX,gY,gZ
1.1866,9.3271,-0.4021,-11.8300,7.0000,20.8600
1.1915,9.4085,-0.3923,-12.1100,9.3100,24.0100
1.0238,9.4752,-0.3825,-13.7200,10.5700,27.6500
0.6178,9.5134,-0.2540,-14.5600,10.2900,31.7800
-0.2726,9.5762,-0.4982,-18.6200,10.2900,31.7100
0.0912,9.4281,-1.0238,-16.1700,0.9100,33.7400
0.4452,9.4232,-1.0670,-14.2800,-5.7400,35.8400
1.3308,9.3516,-0.4452,-10.2900,-10.6400,39.2000
2.0241,9.6331,-0.1530,-9.1700,-4.0600,41.3700
2.2967,9.8684,-0.0235,-11.4100,4.4800,42.0000
2.1535,10.0165,-0.2059,-15.6100,10.8500,41.0900
1.9907,9.9067,-0.3060,-16.6600,12.6000,40.7400
1.8564,9.8341,-0.3011,-15.1900,12.3900,42.2100
1.8231,9.8969,-0.2197,-12.1800,11.8300,44.0300
1.9192,10.0979,-0.1245,-11.2700,10.7100,45.1500
1.9760,10.3421,-0.1344,-13.3700,9.8000,45.2900
2.0006,10.4284,-0.2010,-16.1000,9.1000,43.6100
1.9957,10.2362,-0.1049,-16.1000,5.3900,41.0900
2.3732,9.8439,0.5217,-11.6200,4.3400,39.4100
2.7616,9.6625,1.0150,-9.1000,6.5100,38.4300
2.8429,9.5948,1.2013,-12.1100,10.1500,36.6100
2.7321,9.4232,0.8179,-12.8100,12.4600,33.8100
2.6939,9.3124,0.0196,-12.2500,16.0300,30.2400
2.7468,9.0545,-0.6315,8.6100,9.7300,28.4200
4.0060,9.8106,0.4786,10.7800,7.7000,45.7100
2.5988,11.1551,2.5076,26.3200,27.6500,54.8100
2.9626,12.7732,0.4835,-4.9000,29.8900,53.6200
1.7799,12.0122,0.8522,-35.4200,37.5200,38.9900
1.6799,10.3852,-1.1199,-27.8600,42.0000,35.0000
1.7328,9.7439,-1.8907,-1.8900,29.3300,48.0200
0.7414,10.2940,-1.0101,15.3300,27.3000,59.9900
1.4024,11.8641,-1.6465,10.4300,2.6600,62.4400
0.6698,14.1412,-2.6468,-12.8800,-11.0600,36.3300
0.2873,12.4858,2.6939,-31.9200,-40.6000,25.6900
1.6946,11.1168,1.3308,-40.0400,-12.8800,25.9000
2.9194,9.3703,0.6031,-32.3400,13.7900,43.1200
3.5225,8.5377,0.0579,-17.6400,17.3600,69.3700
2.7949,8.2935,0.0961,-3.1500,14.0700,57.4000
2.8184,8.6475,-0.7845,-1.5400,2.3100,53.2700
2.9910,8.4896,-0.4168,-1.8200,-9.0300,46.8300
3.6510,8.1209,-0.4501,-2.7300,-8.6100,36.6100
3.7952,7.7433,-0.5747,-5.8100,-1.1200,32.0600
2.8763,7.3177,-1.4357,-14.9100,10.4300,21.3500
1.9045,6.6715,-1.9290,-14.6300,29.8200,6.5800
2.0388,5.5270,-0.0863,21.4900,44.3800,-4.3400
-0.8757,6.4322,0.6600,18.8300,50.6100,-5.9500
-2.4546,7.0686,1.3210,8.4000,38.7100,-17.6400
-1.1964,7.0441,0.4168,5.1100,31.4300,-28.1400
-0.6649,6.6136,0.0716,4.3400,24.9900,-40.3200
-0.4021,6.1115,0.0196,10.0800,21.4200,-46.0600
-0.6943,6.0252,0.2295,20.7900,20.5800,-49.7700
-0.7992,6.4077,0.2775,27.5800,19.7400,-55.0900
-0.6178,6.9725,0.1530,29.5400,18.5500,-63.0700
-0.5452,7.4227,0.3011,27.1600,16.8000,-75.8100
-0.4884,7.5992,0.6315,24.9900,17.6400,-84.9100
-0.1481,7.7237,0.7708,23.5900,18.9700,-91.6300
0.0579,7.9061,0.7757,22.0500,16.5200,-97.0900
0.1344,7.9542,0.9336,22.7500,11.8300,-100.3100
0.3874,8.0738,0.9807,26.3200,8.4700,-101.3600
0.7845,8.3651,1.0434,31.3600,7.2100,-101.5700
1.1435,8.7103,1.1386,32.6200,8.1200,-100.8000
1.5220,9.0545,1.2298,30.8000,10.5700,-100.4500
1.8711,9.2840,1.0101,27.2300,13.0200,-101.2900
2.2447,9.2791,1.0719,26.5300,12.1800,-101.9900
2.4889,9.2173,1.4308,28.0700,10.3600,-101.7800
2.6517,9.3418,1.6985,29.4700,9.4500,-100.1700
2.7802,9.6046,1.6269,27.5100,7.0000,-98.2100
2.8331,9.8439,1.3827,24.0100,2.8000,-97.0200
2.7802,9.9498,1.2062,19.6700,-5.7400,-97.0200
2.6753,9.9832,0.8757,16.5200,-8.3300,-96.4600
2.8047,9.9783,0.3736,14.9800,-11.0600,-94.2200
2.6704,9.7910,0.3785,17.2900,-15.1200,-91.9800
2.4075,9.6380,0.2197,18.5500,-17.3600,-88.4100
2.4458,9.6144,-0.4256,26.7400,-22.4700,-84.9100
2.6654,9.7243,-0.6080,33.3200,-29.7500,-79.8000
2.8910,9.8773,-0.0431,42.2800,-34.3000,-72.8700
3.1636,10.3225,0.3158,39.4800,-36.6100,-66.7100
3.2068,10.6049,0.2157,30.2400,-37.0300,-63.4900
3.2401,10.6383,-0.1294,19.3200,-38.4300,-61.3200
3.1685,10.2362,-0.0049,12.3900,-44.3800,-57.2600
2.9145,9.7292,0.2108,9.7300,-45.9900,-50.2600
3.0195,9.4281,-0.3785,8.6800,-46.4800,-39.4100
3.4794,9.1888,-0.7080,9.8700,-43.4700,-33.3200
3.8619,8.9299,-0.4168,14.2100,-37.1000,-23.0300
3.6559,8.7671,-0.0049,17.7800,-24.3600,-15.4000
3.4500,8.8770,-0.1579,16.4500,-11.3400,-10.5700
3.0871,8.7868,-0.0431,12.1100,-4.4100,-5.2500
2.6370,8.6426,-0.3491,8.1200,3.7800,1.0500
2.7802,8.4847,-0.8090,7.7700,8.4700,7.4200
2.6037,8.2023,-0.4354,9.1000,12.8100,13.5800
2.1918,8.0012,-0.4786,8.7500,20.8600,17.8500
2.3595,8.0111,-1.0532,7.0700,28.6300,21.3500
2.1633,7.6717,-0.5168,6.0900,37.5900,25.2000
1.6897,7.1687,-0.4933,5.1100,50.7500,28.9800
1.6603,6.6764,-0.5168,3.7800,60.4800,32.2000
1.1915,5.9291,0.0863,3.5000,66.2900,36.1200
1.1386,5.4270,0.1098,10.0800,74.4800,42.1400
1.6171,5.2740,-1.2249,16.5200,79.3800,49.3500
2.1486,5.4456,-0.4070,22.2600,82.3200,57.1200
2.9812,5.6516,-1.1582,20.1600,82.6000,61.8100
4.2924,5.2260,-1.4024,13.5800,83.0900,65.1000
6.2978,4.3836,-2.3399,9.3800,79.2400,68.9500
11.8592,3.6942,-5.2446,11.9700,76.9300,66.5000
6.9725,3.5029,-2.7135,1.1900,50.3300,54.1100
20.0948,4.2786,-22.8848,-50.2600,2.3100,-16.1000
26.6270,9.4516,5.7428,78.6800,-38.7100,34.8600
-11.8778,16.8645,-2.4929,7.0000,226.3100,133.7000
-29.6180,13.1272,-5.5653,99.4700,121.1000,106.4000
-22.0189,16.2428,-0.0235,95.9000,-40.3900,70.5600
-7.2402,17.5392,2.1633,-7.4900,-116.1300,86.1000
-2.5556,13.4665,1.6083,5.3900,-45.5700,88.0600
-1.7564,11.8543,7.9924,78.6800,-74.9700,82.4600
-5.6182,13.7058,9.1457,23.0300,-76.5100,106.0500
-1.8760,14.8306,0.4550,25.6200,-105.9100,118.2300
-5.1014,18.0227,0.7228,41.5100,-134.8200,111.5100
-4.2404,19.4682,-2.8135,-14.2100,-161.8400,96.3900
1.6701,19.0847,-6.7960,-38.0800,-164.0100,78.4700
4.6758,17.4627,-7.1834,-61.5300,-133.1400,50.6100
6.8725,14.4187,-4.3071,-50.7500,-83.6500,34.3700
6.8294,11.4091,1.4406,-12.4600,-34.0900,42.4200
4.5081,10.3225,4.3885,-8.3300,3.8500,46.3400
4.4983,8.8387,2.8429,-60.0600,-8.1900,44.7300
4.2208,6.7666,-0.0530,-82.2500,-14.4200,28.8400
3.3264,5.3937,-3.3696,-42.5600,-5.1800,9.3800
2.4075,6.1929,-4.5846,36.6800,-9.7300,12.6700
1.8093,8.7770,-2.0290,82.2500,-19.8100,27.2300
2.7321,12.0602,0.6845,66.6400,-20.0900,36.7500
3.2970,13.9451,2.1437,7.2100,-15.2600,27.5800
4.2924,12.7437,0.1245,-40.9500,-2.5200,7.9800
3.8717,9.8302,-0.1147,-48.7900,13.5800,-3.1500
2.2879,7.6806,-1.5406,-37.9400,22.5400,-13.4400
2.8518,6.7813,-2.5027,-21.6300,10.8500,-8.8900
3.1538,7.1402,-2.1820,17.9900,0.6300,1.1900
2.9959,8.2356,-0.6649,29.2600,7.3500,13.8600
3.1391,9.8488,-1.5602,0.7000,9.8000,8.4000
2.7616,10.8158,-2.9528,-2.5200,-18.5500,-5.9500
2.0241,10.5716,0.6747,-10.4300,-7.4200,-27.4400
2.4213,9.4281,0.0814,-39.4100,9.2400,-16.0300
4.2208,8.8250,-1.0287,-35.3500,12.6700,3.2200
3.6991,8.0258,-1.1386,-24.8500,22.0500,34.5100
1.9525,7.4276,-0.1726,-2.1700,27.9300,36.8200
0.4884,7.6286,-1.0483,29.0500,11.6200,26.7400
0.9954,8.3513,-1.6701,58.9400,-15.8200,16.5200
1.1346,9.3987,-0.4207,50.6100,-19.1100,15.7500
2.3114,10.4902,-2.3261,24.8500,-18.4800,17.0800
2.9145,10.5049,-1.5700,-1.2600,-15.4000,11.6900
1.9476,9.8969,-1.2160,-18.1300,-13.3000,0.2800
2.3781,8.9250,-1.1817,-19.2500,-14.0700,-3.1500
2.9763,8.3945,-1.2445,-11.4800,-14.0000,5.8100
3.0724,8.2984,-1.1817,-2.4500,-9.8700,22.9600
2.7184,8.6573,-1.3974,1.6800,-8.6800,31.5000
2.1006,9.0643,-1.4455,0.8400,-13.0900,31.4300
2.1339,9.2075,-1.0915,0.2800,-18.2000,27.8600
3.0008,9.1692,-1.0101,2.3100,-18.3400,23.3800
3.2156,9.3938,-0.6943,-2.3800,-12.7400,19.3900
3.1970,9.4036,-0.8090,-19.8100,-8.8200,27.1600
3.1342,8.9299,-1.2582,-21.2100,-8.2600,30.3800
2.8910,8.5475,-1.2876,-11.6200,-5.8800,31.8500
2.5360,8.6808,-1.0101,-1.8200,-4.8300,38.0100
2.6174,9.0349,-0.4737,-1.2600,-4.5500,46.8300
3.0146,9.1692,-1.1582,-11.3400,-0.9800,43.7500
4.0580,8.8299,-1.1484,-12.2500,-0.6300,42.3500
3.9864,8.7720,-0.2628,-1.6800,7.9800,47.6700
3.5990,9.2702,-0.4590,-0.7000,15.4000,58.9400
3.2303,9.9106,-0.8708,-0.7700,10.9200,62.2300
2.8282,9.9783,-0.8473,-11.6200,10.7800,56.8400
3.6942,9.7625,-1.2111,-12.0400,8.1900,63.2100
3.5745,9.3938,-0.6315,-22.1900,8.6800,67.9000
4.3689,8.7770,-1.1052,-16.1000,5.9500,73.1500
4.1590,8.7054,-0.7228,-4.6200,5.6700,75.9500
4.6758,9.3604,-1.0964,9.1700,3.0800,83.6500
4.5895,10.9687,-0.8473,11.2000,-1.8900,91.7700
3.9864,12.4427,-0.5403,-4.3400,-2.6600,91.7000
3.4363,13.0693,-0.9954,-8.4000,-0.4200,99.1200
6.1164,12.3848,0.6266,-14.7700,-5.3200,112.1400
7.9248,11.5052,4.2639,-33.4600,-21.2800,123.0600
-0.5502,9.8724,3.4029,-93.5200,21.4900,85.4000
6.2262,7.5227,-5.7143,-43.9600,-7.3500,82.8100
5.2838,6.8480,0.2775,-23.1700,-4.4100,99.6800
4.4267,5.5182,-3.5314,-66.0100,9.8000,93.6600
6.6469,4.7043,-3.8285,16.9400,11.4800,84.2100
5.0534,5.0828,-1.7466,8.6800,22.9600,90.6500
6.3939,6.3988,-1.9339,26.6700,22.2600,98.9100
6.1596,8.8917,0.0382,24.0800,27.5100,100.3800
5.3407,10.4186,0.3109,-8.2600,26.3900,90.4400
6.1448,9.9734,0.0284,-22.2600,24.7100,85.6100
6.2596,9.2653,0.4256,-19.2500,27.3700,93.3100
6.1733,9.5664,0.2442,-13.0200,21.5600,103.3200
6.2498,10.3558,0.6178,-9.8700,17.5000,109.5500
6.6283,11.6287,1.0336,-2.1700,17.3600,119.9100
6.2410,13.3331,1.3690,-6.9300,17.5000,130.4800
5.9919,14.5433,1.1052,-15.1900,14.5600,137.4100
4.9053,15.3719,0.9669,-18.9700,13.6500,142.8700
3.4029,15.5151,-0.2108,-37.4500,15.9600,133.6300
2.3732,14.6247,-2.2536,-66.9900,-0.2800,105.2100
2.0388,12.8065,-3.1205,-97.5100,-19.1100,73.0100
3.6510,10.2695,-5.2064,-128.1700,-44.5900,47.1100
5.2789,7.7335,-5.0445,-126.1400,-48.5800,26.0400
8.7720,2.9861,-3.2833,-129.0800,-28.0000,12.6700
13.2321,0.4550,-3.3500,-100.1000,-11.8300,23.3800
14.6678,-1.3357,0.5551,-58.8000,3.5000,58.6600
9.7723,-0.0618,0.4305,-34.8600,45.0100,90.7900
5.4937,1.5504,-0.9669,-19.3200,63.8400,76.5800
4.0825,2.4458,-3.2833,-26.0400,46.9000,29.7500
5.1593,1.8809,-3.1009,-26.8100,31.2900,-6.0900
5.9968,1.2876,-2.0770,-30.8700,26.6700,-14.0000
-0.2726,1.0532,2.2349,-43.6100,66.0100,-13.6500
-9.2889,1.2062,0.4933,-19.0400,82.5300,-52.8500
-13.7734,2.3065,-0.3785,18.8300,40.6000,-91.8400
-10.0548,2.4791,-2.3497,27.9300,-29.8200,-135.1700
-4.9671,3.0008,-3.4363,59.3600,-52.2900,-139.0200
-1.8142,2.8518,-0.7992,90.5100,-44.6600,-142.0300
-0.7894,3.7236,-0.2197,110.2500,-16.2400,-151.2000
-0.2157,4.9102,-0.2873,132.1600,11.9700,-167.4400
0.1196,6.2880,0.8708,138.3200,34.9300,-175.8400
0.3491,7.9542,2.2928,122.1500,52.7800,-181.6500
0.7414,8.8054,3.4313,97.3000,66.1500,-188.8600
1.2876,9.2604,4.1590,73.4300,83.5800,-202.5100
1.7034,9.1594,4.1972,54.8800,89.3900,-215.3900
1.8427,8.6573,4.2306,49.3500,87.2900,-220.3600
2.1388,8.0777,4.6807,54.0400,82.8800,-216.2300
2.7566,7.8198,4.8239,66.7100,78.5400,-210.1400
3.3931,8.2317,4.4885,81.1300,76.7200,-199.4300
3.9913,8.9682,3.8815,90.3000,72.2400,-193.6200
4.1874,9.6674,3.8952,93.1000,64.1200,-186.1300
4.1727,10.1263,4.3983,92.6800,53.8300,-182.5600
4.2875,10.5333,4.5228,87.9900,45.0800,-179.0600
4.6895,10.7824,4.6130,86.0300,32.2000,-177.2400
5.0347,11.0737,4.7807,80.4300,15.2600,-171.7800
5.1495,11.5768,4.5228,73.2900,2.8700,-168.4900
5.2446,11.8543,3.9629,62.5800,-5.7400,-167.1600
5.2024,11.9543,3.4931,53.4800,-13.4400,-167.0900
5.0249,11.9788,2.8567,45.8500,-17.9900,-165.3400
4.9867,12.0406,2.0192,40.1800,-22.6800,-161.8400
4.8435,12.1269,1.3396,36.0500,-25.4800,-157.2200
4.7856,12.2750,0.3158,34.9300,-28.9100,-153.5800
5.0102,12.5574,-0.0814,34.3700,-28.7700,-150.3600
5.3407,12.6869,0.3491,32.2700,-25.9700,-146.5800
5.3260,12.7683,0.9375,24.6400,-17.2200,-143.0100
5.1112,12.7634,1.1435,16.4500,-2.8000,-139.5100
5.1348,12.7486,0.7080,11.6900,11.6200,-135.8700
5.2211,12.9016,-0.1147,10.6400,21.5600,-130.4800
5.0583,12.9261,0.2246,11.6200,22.8900,-123.9000
4.6895,12.8830,0.8806,7.9100,26.9500,-111.2300
4.9484,12.8546,0.9287,-2.3100,31.8500,-102.2000
5.1877,12.3328,0.4403,-17.0800,41.0200,-93.5900
5.1544,11.3757,-0.2246,-27.3700,49.7000,-83.2300
4.8768,10.3088,-0.5982,-25.7600,56.0000,-69.7200
4.2835,9.3418,-0.0049,-14.9100,67.3400,-53.9700
3.5275,9.0594,0.2010,-5.2500,80.0100,-38.5000
3.5510,9.2173,-0.3491,2.5200,87.5700,-25.1300
3.6804,9.5948,-0.5982,3.0100,92.6800,-14.3500
3.6471,9.8341,-0.9522,-4.3400,96.2500,-4.4800
3.5608,9.7576,-1.5122,-14.4200,98.4200,1.7500
3.5657,9.3369,-1.9809,-20.7900,104.8600,7.0700
3.5078,8.5710,-1.6985,-19.5300,122.0800,11.8300
3.4363,7.9395,-1.9809,-13.3700,149.8000,16.7300
3.2019,7.6472,-2.6900,0.3500,176.7500,21.6300
2.4978,7.4227,-2.7135,8.1200,196.2800,25.2000
0.9767,7.2314,-2.1339,9.5200,208.1100,27.3700
-0.0912,6.6901,-1.8329,4.7600,212.5900,28.0700
-0.2197,6.0350,-1.7946,4.2700,216.6500,28.0000
0.5600,5.5898,-2.5556,10.7100,223.0900,23.1700
1.8662,5.3172,-3.6177,10.9900,226.3800,21.0700
1.4592,4.8190,-2.3163,6.2300,231.9100,24.2900
-0.0618,4.2835,-1.8907,3.3600,235.8300,27.5800
-0.0716,3.5275,-1.7995,12.3200,230.2300,33.8800
1.4406,3.0244,-2.1006,23.5200,217.3500,45.7800
8.2601,3.4412,-7.6237,33.8100,185.8500,49.2100
25.0766,4.5464,-26.8810,21.6300,100.6600,28.9800
56.8580,12.0553,-18.0129,87.1500,-131.4600,33.2500
-5.5702,17.5823,-2.3830,5.9500,194.0400,130.5500
-46.2393,16.7645,-10.9403,65.7300,234.0800,91.9100
-27.3743,16.2133,-10.0979,87.2900,-49.0700,65.0300
-12.6006,14.3667,8.0875,-112.7700,-279.3000,76.1600
-5.6084,8.8103,0.3736,-28.0700,-158.9700,79.3800
2.5272,10.1891,1.7564,87.0100,-70.9800,52.2900
-0.4550,15.8544,13.2135,54.3900,-132.5100,110.6000
-5.5035,15.6495,1.7034,-67.5500,-124.3200,114.1700
-3.8864,15.8505,-39.2854,-203.7700,-79.5200,-17.4300
-5.2593,29.0924,4.7092,316.8200,-13.0900,50.6800
-12.9879,49.8756,22.8416,185.5700,-175.7000,184.9400
8.9064,21.6354,13.3763,-262.9200,-183.9600,53.7600
9.2604,4.2208,2.3114,-344.1900,-60.9700,-10.3600
6.8862,-1.7181,-12.4623,-272.7900,174.9300,-79.1700
7.9924,-3.0577,-16.3045,-23.0300,89.2500,-48.6500
0.8424,-0.2393,-8.3513,118.0200,-35.7700,36.6100
-2.1153,3.0106,-2.2585,194.7400,-46.4100,90.9300
2.2928,8.6907,-1.2778,201.6000,-18.0600,92.7500
4.3169,15.5583,1.1052,143.6400,-6.0200,76.8600
3.0391,20.4106,1.9721,20.1600,13.2300,24.5000
1.9094,16.9939,0.2108,-78.1900,22.8200,-43.0500
1.3161,10.4617,-1.4406,-99.6800,16.3800,-73.7100
0.4256,6.5087,-2.2585,-73.4300,13.1600,-56.7000
0.6845,4.6856,-2.3399,-15.4000,7.4900,-7.2100
1.5073,5.0916,-2.2967,41.8600,4.3400,32.0600
1.7946,7.4942,-1.9525,70.0700,9.2400,35.4900
2.0104,10.2362,-0.6747,63.4200,18.8300,13.2300
2.0241,12.0690,-0.3874,26.3200,32.1300,-6.3000
1.6652,12.0789,-0.7129,-19.6000,37.2400,-17.5700
0.6463,10.4284,-1.3739,-32.6200,37.1700,-19.2500
0.0579,8.7720,-2.1104,-21.9800,28.9100,-13.0900
0.2059,7.8385,-2.5125,-1.1200,17.7800,-2.3800
0.9238,7.8434,-1.7564,20.4400,10.9200,9.8000
0.6080,9.0015,-1.2298,27.2300,9.9400,17.0800
0.5364,10.1028,-1.0238,16.5900,0.8400,14.8400
0.9336,10.4039,-0.9189,2.0300,-1.9600,8.4000
1.1964,9.9783,-1.3111,-5.1800,3.3600,1.2600
1.1582,9.4232,-1.7995,-8.4000,5.8800,2.1700
1.2298,8.8485,-1.5024,-4.9700,0.2100,10.3600
0.4982,8.7338,-1.3690,2.9400,0.5600,20.0200
-0.0147,8.9113,-1.5122,8.7500,0.2800,22.6800
0.6463,9.1790,-1.7995,11.2000,-5.1100,26.2500
0.8993,9.3467,-1.5985,8.6100,-4.9700,26.2500
1.5171,9.2408,-1.7662,6.0200,-5.8100,25.9700
1.4936,9.2271,-1.4161,6.7900,-8.6100,27.6500
1.0670,9.2653,-1.2249,6.2300,-9.5900,30.5200
0.9856,9.3036,-1.3974,5.6000,-10.3600,31.5000
1.3925,9.2702,-1.5171,6.5800,-11.6900,33.0400
1.5887,9.3987,-1.4936,6.0900,-10.8500,36.6800
1.1199,9.5615,-1.5985,2.5900,-8.8900,39.8300
0.6315,9.5379,-1.9672,-1.9600,-11.4100,41.0900
0.8473,9.2075,-2.2585,-2.3800,-14.3500,42.6300
1.1631,9.0829,-2.0957,-1.6100,-15.7500,47.7400
0.5551,8.7720,-2.0055,-8.6800,-13.0900,49.2800
3.3931,8.1454,-2.3830,-0.0700,-22.6800,51.0300
3.4166,8.5524,-0.5119,18.7600,-21.7700,60.4100
3.0440,10.0116,-0.3442,15.5400,-8.7500,65.1700
3.2735,10.9736,-0.9042,8.9600,-1.1200,62.6500
3.0724,11.1070,-0.7845,4.2000,9.7300,60.0600
2.8429,11.2129,-0.8179,5.3900,16.7300,69.4400
1.2543,11.3375,-0.6178,-9.5200,25.6900,70.3500
1.9094,9.5615,-2.3497,-24.7800,22.7500,59.9900
4.1776,7.5472,-2.7282,-6.7900,19.6700,57.1900
5.0485,7.7384,-0.7992,22.4700,29.4700,78.8200
3.6471,9.8871,0.2197,12.8100,43.3300,89.8100
3.0391,10.8158,-0.9718,2.6600,35.4200,81.6200
3.3450,10.7196,-1.4024,3.5700,27.3000,77.2800
3.6942,11.7680,-0.5502,36.8200,44.2400,112.3500
4.5895,14.4717,-2.3830,0.4200,23.1700,125.0900
-0.3207,15.3043,4.1296,17.6400,49.4200,130.4100
4.2071,14.4766,-3.4117,-19.1100,35.3500,110.1100
3.8570,12.0220,-1.2062,-16.1000,29.1200,97.7900
2.1251,8.8152,-1.1915,-48.9300,42.9100,90.9300
3.8383,5.9772,-2.7233,-28.6300,29.7500,92.6800
4.2071,4.2639,-1.7946,-15.9600,22.6800,91.7700
4.5699,2.9626,-2.2496,-1.4000,22.7500,83.3000
5.5270,2.4026,-1.9623,16.0300,23.5900,81.6200
5.3603,2.4929,-1.4837,14.4200,27.0200,80.2900
6.3988,2.7998,-2.0957,30.0300,26.8100,81.7600
5.8389,4.2924,-1.5887,35.9100,29.7500,79.3800
5.7379,6.1831,-1.9574,37.8700,29.8200,75.8100
5.8193,7.8198,-1.4641,41.0900,31.2200,82.6000
5.3074,9.2173,-1.1915,36.0500,33.3900,85.3300
5.6712,10.3607,-0.8806,28.8400,34.5100,87.0800
5.4554,10.7726,-0.6512,11.0600,39.8300,84.7000
5.8144,10.0499,-1.0572,2.7300,41.3700,84.2100
5.8291,9.1928,-1.1484,5.6700,43.1200,89.7400
6.0684,9.0309,-1.5553,14.0000,44.0300,95.3400
6.1448,9.7292,-1.7564,24.7800,42.3500,103.2500
5.8958,10.9021,-1.3062,29.5400,42.2800,125.2300
6.0154,12.0553,-0.9189,32.7600,42.5600,113.9600
5.2309,13.1752,0.0382,27.5100,42.5600,116.9700
4.7141,13.8686,0.1726,22.3300,38.6400,121.1000
4.2257,13.2370,0.6365,8.6800,35.5600,115.9900
4.3306,11.8729,0.2246,5.7400,32.9000,115.9900
3.4892,11.4140,-0.9620,10.7100,21.2100,120.9600
2.5223,11.4189,-1.0719,14.6300,-6.7900,115.6400
5.4937,11.1266,-1.1150,3.9200,-21.5600,97.2300
7.4795,10.3225,-0.0147,-8.5400,2.7300,88.3400
9.3085,9.3555,-0.8953,-20.7200,34.7200,80.7800
13.6391,8.3700,-4.3502,-33.6000,54.1100,75.8100
12.6241,7.4128,-8.8152,-71.9600,12.3900,61.6700
4.9435,6.6764,-5.7045,-32.7600,30.5200,39.6200
3.4412,4.4699,-2.4075,-5.2500,44.0300,13.6500
6.2262,3.8432,-3.2019,8.4700,24.9200,-11.6900
8.8770,3.2205,-4.3120,7.5600,15.1200,-15.6800
8.8633,2.3693,-9.6095,-31.9900,32.1300,-21.5600
2.2496,2.3732,-9.9498,-113.0500,73.1500,-51.5200
-10.1548,-1.9623,-0.4305,-161.5600,181.0900,-103.1100
-19.4436,-8.0258,4.3169,48.5100,247.0300,-99.4700
-14.9983,-4.4797,0.0147,136.7100,168.0000,-152.5300
-10.5088,0.1049,0.7894,198.8700,57.1200,-158.4800
-11.2659,3.6373,5.4221,215.9500,16.2400,-187.9500
-8.5857,6.3939,4.1972,176.4000,-6.5800,-228.7600
-5.3025,7.7669,3.8089,156.2400,-3.8500,-265.4400
-2.9959,8.1160,3.0528,128.5900,5.1100,-277.2000
0.1294,8.5141,4.1060,146.7200,66.1500,-297.2200
-1.3013,7.3511,2.5272,83.3700,55.7200,-260.0500
-1.1435,6.7234,3.8432,107.5900,99.6100,-269.2200
-0.9620,7.8385,2.9381,128.8700,134.0500,-275.3800
0.0333,8.9113,3.7618,150.9200,145.1800,-270.5500
0.5070,10.0881,6.4028,159.5300,152.3900,-253.1900
1.4161,11.2845,7.7767,165.0600,146.4400,-233.5900
3.2499,13.1125,9.6429,154.2800,122.1500,-214.5500
5.0632,15.1228,9.6576,126.1400,100.6600,-203.5600
6.5656,16.3143,8.1072,89.8100,94.8500,-207.4800
7.5276,16.0084,6.8343,63.9100,93.5900,-217.2100
8.0493,15.0699,5.7281,47.3900,92.1200,-217.8400
8.6338,14.1706,5.4074,40.7400,83.3000,-199.3600
8.6475,13.6342,4.4463,48.1600,71.4700,-183.1900
8.5475,13.5812,3.0146,54.8100,63.2800,-171.5700
8.5857,14.0980,0.9091,57.0500,51.6600,-166.8100
8.1356,14.9355,-0.0863,36.4000,35.9100,-167.3000
6.8578,14.5815,-0.1912,4.3400,12.6700,-167.7900
5.5800,13.3380,-0.0961,-8.5400,-6.6500,-160.7900
4.9386,12.3279,0.1294,-6.3700,-14.3500,-148.1900
4.8190,12.0406,0.3638,-4.9700,-15.5400,-132.7200
5.1299,12.1034,-0.1961,-6.5800,-14.3500,-117.1800
5.0867,12.0122,0.0716,-13.4400,-11.0600,-106.1900
4.5993,11.7484,-0.0235,-19.1800,-7.5600,-99.0500
4.0482,11.3855,-0.3305,-23.3100,-5.5300,-93.7300
3.7667,10.8922,-0.9140,-20.9300,-7.5600,-89.4600
3.5941,10.4568,-1.1346,-20.4400,-11.7600,-82.6700
3.4166,9.9449,-0.8993,-20.0200,-16.9400,-64.2600
3.0528,9.5478,-0.9856,-17.2200,-16.7300,-51.0300
2.8861,9.4664,-1.3111,-9.3100,-15.0500,-41.5100
2.7851,9.6909,-1.4308,-3.9200,-10.9900,-34.3000
3.0244,10.3852,-1.8760,-3.2900,-5.3900,-29.4700
3.4412,10.7530,-2.0339,-15.6100,1.0500,-23.8000
3.1342,10.4706,-1.6897,-32.4100,5.8100,-19.4600
2.5654,9.5046,-1.9574,-39.9000,11.6900,-11.3400
1.9094,8.4749,-1.8142,-34.3700,15.0500,-5.3200
1.4357,8.0012,-1.2494,-16.8700,21.2800,-4.9000
1.7230,8.5426,-1.5504,-4.0600,37.1700,-7.2800
2.2683,9.7194,-1.5553,-1.8900,54.8100,-9.1000
1.9574,10.3803,-1.4592,-7.4900,72.3800,-8.6800
1.9574,10.1548,-1.9045,-11.6200,85.2600,-5.0400
1.8427,9.6331,-1.5318,-15.3300,97.6500,-0.9100
2.0918,9.0113,-1.1052,-8.3300,113.8200,3.2200
2.9243,8.7103,-1.4936,-0.0700,135.8700,3.2900
3.2921,8.9966,-1.4455,0.0700,160.3700,2.2400
2.8567,9.2222,-1.0434,-1.7500,178.0100,5.9500
2.3114,9.3987,-1.7034,-6.7200,185.1500,15.3300
2.1202,8.6093,-1.9858,-13.8600,176.8900,28.1400
2.5223,7.4844,-2.5654,-27.1600,163.5900,36.6800
2.4693,6.1684,-2.4409,-32.6900,147.4900,42.0000
2.1771,5.5035,-1.2543,-39.6200,131.1800,49.2100
0.6178,4.4699,-0.7277,-33.8100,113.0500,62.3000
0.1579,3.4166,-0.8326,-23.3800,90.2300,73.5700
3.7756,3.2686,-5.1681,-2.5900,56.8400,76.6500
0.6217,4.0580,-11.7297,-14.0000,-14.9800,57.8900
26.2397,9.7488,-36.6867,28.4200,-140.2800,-2.3800
36.8112,16.2908,8.9535,-128.0300,93.0300,-4.5500
-14.7443,10.3852,2.8665,86.3100,287.6300,153.6500
-39.4767,11.5571,-5.0200,87.6400,114.1700,38.2200
-25.5650,15.6828,-10.5569,24.5000,-157.5000,22.5400
-7.6668,10.7677,-6.8960,12.4600,-155.0500,69.0200
1.2543,9.9685,-4.5130,71.1900,-1.8900,79.7300
-2.9292,13.9500,1.4455,45.9200,12.4600,65.7300
-5.9536,16.2280,6.4704,-1.6800,-86.5900,99.3300
-2.4889,14.6825,3.3500,-13.1600,-82.1100,94.6400
0.6943,14.9836,6.5087,16.4500,-71.0500,70.9100
-1.5553,16.8164,8.7240,-22.6800,-93.3800,54.4600
-0.9287,16.4624,-3.6510,-9.0300,-44.5900,76.7200
-4.0962,22.6073,-2.5605,76.4400,-41.8600,118.3700
-4.3787,30.0397,6.0252,43.4700,-91.0000,158.4100
1.4886,21.4687,3.1156,-86.9400,-92.2600,117.3900
3.4363,9.7056,0.0667,-192.5000,-88.4800,34.6500
0.6747,4.8572,-10.6098,-180.6000,3.3600,-27.7200
3.3931,3.2450,-9.3899,-110.7400,24.1500,-62.0200
6.9725,-2.5125,-7.4511,-55.3700,-32.5500,-12.1100
2.4644,-1.2543,-6.7764,72.1000,-2.2400,48.0900
4.3022,2.5321,-3.3215,116.4100,-14.7700,62.1600
4.2355,7.2265,1.2925,114.7300,-27.8600,56.0700
4.4414,12.5005,6.4940,87.2200,-40.3200,46.1300
3.0911,18.1756,6.2449,33.6700,-31.8500,34.0900
0.6796,19.8124,4.6042,-6.2300,0.8400,14.2100
0.3109,16.4438,3.3696,-37.4500,26.2500,-16.9400
2.0055,11.5473,0.5502,-63.2800,25.7600,-27.8600
1.8142,7.7188,-1.5318,-77.5600,20.3000,-18.2700
0.8953,5.0396,-3.3882,-59.6400,18.9700,-1.3300
1.8858,4.0913,-4.8955,-6.4400,9.9400,21.2100
2.2251,5.1397,-3.1636,64.5400,8.9600,53.6200
2.1055,8.2356,-0.7129,81.4800,14.4900,48.5100
1.9809,11.7582,-0.2442,30.8000,16.8000,45.2900
1.5171,13.3469,0.2010,-3.5700,14.1400,26.8800
1.0336,11.9739,-0.1579,-33.0400,7.4200,6.8600
-0.1098,9.1692,-1.0189,-22.8900,-2.9400,-1.6800
0.7561,8.0689,-0.0147,-19.8800,10.3600,21.3500
1.5122,8.1738,-2.1006,-0.7700,-2.1000,39.7600
-0.9140,8.4710,-1.5122,4.6900,-11.4800,46.3400
-0.3785,8.2886,-1.9721,13.0200,-34.3700,39.3400
1.9760,8.8917,-1.8427,22.6100,-34.7900,34.0200
3.3696,9.6909,-0.6315,18.2700,-18.0600,39.3400
3.3931,10.2175,-0.2971,0.9100,-5.8100,47.2500
2.2251,10.1263,-0.8993,-10.2900,-4.3400,47.2500
1.3876,9.4801,-1.0385,-10.2200,-12.9500,44.3100
0.9473,9.1310,-1.1915,-8.9600,-17.7100,44.2400
1.7515,8.8819,-2.2349,-11.6200,-22.5400,46.4800
2.7282,8.5808,-1.9143,-1.2600,-29.8900,55.6500
2.3448,8.7671,-0.4982,6.0900,-24.8500,62.1600
2.1055,9.6625,-0.7708,-1.2600,-18.5500,63.9800
2.5841,9.8773,-1.2925,-12.3900,-19.8100,61.7400
3.0577,9.4516,-1.5357,-19.2500,-19.1100,58.3800
3.1587,9.0829,-1.4975,-22.8900,-15.8200,56.2100
3.4598,8.9152,-0.9375,-24.9900,-15.8900,58.3100
3.8521,8.8633,-0.6698,-24.5000,-12.3200,62.0900
3.9433,9.2124,-0.3736,-15.4000,-8.5400,69.3000
2.6988,9.9018,-0.2442,-27.5800,-2.2400,66.3600
2.8763,9.1212,-1.1680,-42.3500,-5.8100,55.6500
4.8141,8.2317,-0.5403,-14.3500,-8.3300,62.7900
4.0394,9.3418,1.5318,-3.0800,6.3000,72.5900
4.2924,10.2989,0.2442,-21.5600,8.6100,73.3600
4.2875,10.5235,-0.0961,-19.1800,3.5700,74.7600
3.6942,10.8158,0.2971,-15.9600,5.3900,79.9400
3.2254,11.3894,-0.2108,-21.9800,10.2200,80.9900
3.3598,11.0305,-1.5318,-30.6600,9.4500,78.6800
4.5699,10.3421,-1.4357,-18.2700,-1.8900,89.8800
4.9916,12.0504,0.8277,-1.2600,2.3100,110.3200
7.0784,11.6385,1.4259,-43.8200,-9.5900,100.5200
1.0003,9.7625,-0.6982,-72.3800,14.8400,81.6200
1.7711,6.0870,-3.1303,-54.8100,23.5900,55.6500
7.1736,5.8860,-3.5608,10.4300,-3.2200,91.2100
4.9386,7.9061,1.1484,4.5500,18.6900,97.3000
5.1828,9.2702,0.4168,-15.8900,23.6600,85.7500
5.1926,8.7387,0.6600,-38.0100,22.4000,72.8700
5.1495,6.7764,0.0863,-36.8200,17.0100,71.9600
6.4704,6.4459,0.5551,-4.6900,14.8400,81.2700
6.4224,8.7917,1.8182,6.5800,14.0000,91.5600
5.2642,10.8589,2.3114,-22.4000,13.2300,86.3100
5.6467,10.4372,1.6946,-42.6300,9.1700,78.9600
6.4459,9.9832,1.5838,-28.7000,5.1100,93.8700
6.6420,11.4238,2.2781,-3.5000,-0.4900,117.3900
6.4891,15.5053,3.3019,-1.0500,-3.5000,140.4900
4.8239,17.6020,3.6177,-22.3300,-3.9900,145.6000
2.6939,18.0560,2.6704,-49.7000,-2.9400,125.2300
0.9669,16.6684,0.7943,-74.0600,-14.7000,90.5800
-0.0765,14.3716,-0.4639,-108.7800,-49.5600,55.4400
0.3736,11.6336,-1.7750,-135.6600,-60.0600,44.6600
0.4452,9.9449,-4.7425,-160.9300,-88.1300,45.2200
0.8571,7.8532,-2.2585,-178.5700,-95.7600,48.8600
2.9626,4.5562,-2.6223,-202.7200,-84.5600,28.5600
4.7474,0.6463,-3.1774,-214.7600,-62.0200,-14.7700
8.2788,-3.0577,-6.3214,-183.6100,-50.4700,-69.4400
11.7729,-5.2113,-8.3170,-84.1400,-53.9000,-61.2500
7.4276,-4.8337,-2.7998,-12.3900,-28.1400,-12.7400
-3.5608,-4.1727,4.5846,17.8500,21.5600,7.0000
-16.4055,0.6129,-3.0773,10.0800,58.4500,-24.1500
-16.9125,3.8432,-5.9389,37.5200,-20.4400,-117.8100
-13.0124,4.5797,-6.6901,55.7200,-74.7600,-196.1400
-5.3309,3.6755,-4.5415,60.3400,-82.7400,-226.5900
0.1196,3.0577,-2.7665,67.0600,-57.4700,-211.3300
1.6946,2.8949,0.0147,86.5900,3.8500,-177.8000
1.2778,4.0060,1.1680,99.7500,80.4300,-156.9400
0.1863,5.9291,0.8708,104.3000,91.6300,-162.7500
-0.7080,7.4128,0.9522,99.0500,78.2600,-183.8900
-1.4592,8.1023,1.6220,90.0200,60.2000,-205.1000
-1.4161,8.1640,1.9809,86.3800,48.7200,-215.2500
-0.4982,7.9924,2.2496,96.7400,33.1800,-209.9300
0.5600,8.0111,2.8233,119.2800,12.1100,-193.2700
1.5700,8.8054,3.4117,135.4500,-2.0300,-172.9700
2.8949,10.4235,3.4500,129.9200,-12.9500,-164.6400
4.5464,13.4096,2.8665,104.0900,-23.0300,-163.5900
5.9968,13.2517,2.1202,72.1700,-26.6000,-171.4300
6.9343,13.1752,1.2249,51.3800,-25.1300,-184.0300
7.3893,12.7732,0.2157,40.3900,-19.8100,-189.9100
7.3413,12.5476,-0.4021,31.7800,-12.8800,-185.3600
6.7146,12.2995,-0.8522,30.3100,-12.8100,-178.0800
5.7810,12.2181,-1.3210,30.9400,-35.4900,-174.6500
5.1828,12.2946,-1.5269,32.8300,-32.3400,-170.8700
5.1642,12.6153,-1.5887,34.5100,-42.8400,-163.9400
5.7477,13.2517,-0.8806,34.3000,-47.6700,-154.7700
6.3557,13.9264,0.6315,12.3200,-36.3300,-144.4100
6.4842,14.2138,1.3778,-13.8600,-8.4700,-141.1200
6.8911,13.5194,0.1726,-22.1900,11.4800,-139.5800
6.9009,12.5908,-0.4119,-16.8700,17.7100,-134.3300
6.1929,11.9023,-1.0572,-14.4200,14.9100,-120.9600
5.5653,11.4806,-1.5073,-14.0700,3.9200,-102.0600
5.0583,11.0884,-1.8760,-10.6400,-5.0400,-84.5600
5.0583,10.8540,-2.2349,-7.1400,-3.2900,-72.9400
5.9154,10.7677,-2.1918,-1.0500,6.3700,-63.7700
6.7195,10.9256,-2.0574,2.8700,21.5600,-51.6600
7.2981,11.0550,-1.3739,1.4700,42.3500,-42.4200
7.2599,10.7010,0.2157,-3.2900,60.3400,-33.1800
6.8146,10.0165,0.4168,3.1500,75.6700,-20.8600
6.2929,9.4516,0.7708,10.2200,78.1200,-8.1200
5.5800,9.4566,0.5698,10.5700,67.9000,5.5300
4.9004,9.3320,0.5884,4.6900,47.6700,20.7900
5.2789,9.2408,0.2491,-8.8200,32.3400,36.7500
6.4322,8.9201,0.4884,-21.9800,33.3900,52.9900
7.6953,8.2650,0.1147,-25.3400,42.3500,68.4600
7.7767,7.6237,0.1147,-31.2200,50.6100,82.1800
5.7232,6.6617,1.0238,-37.4500,51.8700,90.8600
2.9145,5.2358,1.3161,-29.5400,45.6400,100.3800
3.2587,4.2071,-0.2677,-7.7700,22.1900,103.0400
4.1590,6.4077,-4.5993,-51.6600,-20.8600,82.0400
-1.6083,6.1831,-9.7959,-43.8200,-77.8400,44.2400
30.2457,15.1277,-10.1597,-122.7100,30.8000,-21.2100
12.2132,9.0349,-0.7129,25.5500,245.2800,112.9800
-18.0707,11.3080,-4.4414,90.9300,188.5100,75.3200
-31.6853,13.9696,-1.1533,74.2700,-20.5800,25.6200
-15.7642,16.1516,-2.7566,31.2900,-127.9600,47.4600
-1.5504,13.4047,-2.1820,-0.4200,-70.9800,96.7400
-2.4458,10.2744,-3.8236,28.3500,20.8600,67.6900
-4.7621,11.4620,2.3448,98.6300,-40.1800,56.1400
-6.2410,15.6965,5.7624,21.7000,-72.4500,94.7800
-1.7466,16.3143,-1.7230,8.9600,-64.4000,103.6700
-2.6605,16.5056,-0.3589,35.5600,-53.8300,86.8700
-3.0528,18.5395,1.4886,21.3500,-54.2500,93.8000
-1.6897,17.8363,0.1726,9.5200,-66.5000,107.8700
0.2344,16.6399,-1.1052,2.1000,-78.4700,108.0800
2.1535,16.0172,0.4501,0.4900,-86.9400,90.5800
2.2781,14.5384,2.5890,-13.7200,-41.8600,69.0900
3.3500,12.4427,0.4452,-25.8300,-4.9700,50.1900
4.2404,10.3176,-0.8140,-34.8600,7.6300,45.0100
3.8903,8.0395,-0.9856,-49.9800,3.7800,35.3500
3.6608,5.9585,-1.3778,-70.0000,-4.1300,21.2100
4.1874,4.0874,-3.0822,-65.9400,3.2900,7.0700
4.6562,3.1107,-4.1011,-22.2600,17.0100,12.3200
3.1823,3.6559,-4.0482,29.7500,22.8900,25.6900
1.2827,5.3642,-4.0060,39.6900,4.9700,35.3500
0.3736,7.2697,-3.2401,47.4600,-27.6500,39.9700
0.5747,8.9966,-2.2496,51.5900,-46.7600,34.7900
2.4311,10.9540,-1.5887,54.0400,-51.7300,39.1300
2.7753,13.5194,1.1003,26.4600,-45.7800,47.1100
1.2494,14.8159,2.6605,-22.7500,-27.7900,39.8300
2.1104,12.2897,0.8473,-51.9400,-33.8800,20.7200
2.8812,9.6046,-0.0147,-54.9500,-45.3600,8.3300
2.5791,7.9581,-0.6315,-33.2500,-34.3700,14.0000
2.4164,7.6953,-1.7132,-12.0400,-27.5100,32.8300
2.6370,8.3896,-2.6086,4.3400,-31.8500,56.0000
2.2585,9.5909,-0.3256,8.4000,-39.9700,64.5400
2.0535,10.5000,-0.5217,-4.4100,-33.7400,56.6300
2.4644,10.4323,-1.0621,-27.7200,-33.1100,47.5300
3.1636,9.4997,-1.6269,-31.3600,-36.6800,47.3900
3.1107,9.1643,-1.1297,-12.9500,-35.2100,62.3000
2.7851,9.6380,-0.6129,-14.0700,-27.8600,67.3400
3.9148,10.1979,-1.0385,-12.3900,-28.3500,74.4800
3.9629,11.1315,0.0196,-9.3800,-25.4100,81.2700
2.8998,12.0220,0.4737,-25.4800,-15.1200,81.8300
3.4745,11.7052,-0.6943,-29.2600,-14.0700,83.5800
4.3355,11.6287,-0.3256,-11.3400,-13.9300,98.4900
6.0733,11.7680,0.8375,-27.5100,-22.9600,101.7800
1.0189,11.2080,0.5649,-50.1200,23.3100,97.3000
3.5745,9.4085,-3.9531,-44.1700,1.2600,82.0400
5.1063,8.0356,-1.2778,-30.9400,-2.5900,85.0500
4.0060,6.7999,-1.0287,-24.8500,19.3900,86.5200
5.5084,6.7283,-1.6985,1.6100,22.3300,97.5100
4.4748,7.9061,0.1481,9.9400,22.1200,108.2900
3.7471,8.7534,0.3354,-2.1000,14.8400,104.8600
4.7376,8.8436,0.4550,-4.0600,6.7900,94.0800
4.7327,8.7054,0.5266,-16.1000,1.9600,88.4100
4.5699,8.1454,0.7375,-26.0400,-2.7300,81.2000
5.1975,7.0873,-0.0765,-31.2200,-6.2300,77.5600
6.0585,6.1213,-0.6463,-11.7600,-2.8000,88.2000
5.6516,7.2648,-0.6649,7.4900,0.6300,100.9400
5.1926,9.4899,-0.9375,3.6400,-4.3400,100.1000
5.4035,10.7961,-1.0052,-6.0900,-7.4200,95.0600
5.5319,11.1600,-0.7894,-11.5500,-1.6100,89.8100
5.4603,11.0119,-0.8806,-14.4900,2.1700,90.8600
5.5319,10.9403,-0.2775,-8.4000,5.1800,103.8100
4.9867,11.1168,0.3638,-3.7800,9.5900,109.9700
5.0347,11.8209,0.5698,2.8700,3.3600,115.4300
4.6660,12.5770,1.4161,5.5300,-4.1300,124.0400
3.9334,13.1507,2.4026,2.7300,-7.4900,126.5600
3.6177,13.0987,2.3448,-6.8600,-6.4400,122.5700
4.0296,12.6339,1.6514,-13.4400,-8.9600,122.9900
4.2924,12.2132,0.9042,-20.3000,-15.4700,120.1900
5.0445,10.9589,1.3396,-48.3000,-37.2400,105.2100
6.4557,9.6762,0.2108,-84.0000,-45.7800,78.9600
9.7007,8.0444,-2.9626,-77.4200,-59.7100,73.4300
9.4801,6.8911,-1.7328,-91.0700,-69.6500,73.0100
3.9285,5.8771,-0.8757,-111.0200,-30.6600,65.8700
2.8096,4.1590,-2.1967,-105.0700,-25.2000,50.8200
4.3502,2.7949,-4.4414,-108.2900,-46.6200,26.6000
4.3551,1.2680,-4.4169,-88.6900,-64.0500,13.5100
4.3404,0.0961,-3.6657,-61.0400,-54.9500,5.3200
5.4652,-0.0333,-4.3218,-36.1900,-50.6800,4.8300
4.0148,0.1049,-3.7089,-34.1600,-44.1700,4.7600
-5.7232,2.2251,-4.0443,-84.9100,17.2200,-8.9600
-10.0548,-1.4455,3.3647,-115.6400,75.1800,-54.3900
-10.6961,-3.0822,-2.0574,-56.1400,88.6900,-132.4400
-9.7870,-2.3497,-3.9384,27.4400,50.7500,-160.5800
-7.7571,-1.2347,-1.3739,79.3100,19.3900,-163.3800
-6.1782,2.2300,-0.2197,95.4800,10.3600,-164.2200
-3.5127,3.8138,-0.8904,100.3800,3.6400,-178.2200
-1.6848,5.5133,-0.6129,99.9600,8.3300,-198.1700
-0.5982,6.6999,0.4639,98.6300,30.6600,-214.8300
0.5835,7.5903,0.5217,93.9400,56.0700,-223.7200
1.9192,8.1307,0.1049,88.4100,70.8400,-223.5100
2.6654,8.2023,0.5266,86.3100,88.6200,-219.1700
2.7037,7.9777,1.2396,97.8600,106.3300,-216.7900
2.3830,7.8963,2.0918,116.5500,103.6700,-217.1400
3.6324,8.6808,2.5890,111.1600,103.8800,-214.4800
3.3784,9.9537,2.6468,97.5800,81.9000,-207.6900
4.7425,11.0305,2.1202,75.5300,49.4200,-194.7400
6.1350,11.6101,1.8564,63.0000,20.3000,-190.8900
7.0490,11.7915,1.5887,59.0800,0.6300,-191.5200
7.7051,11.9357,1.3641,59.7800,-11.4100,-190.0500
8.1503,12.1171,0.8179,57.6100,-18.2700,-184.7300
8.2984,12.2367,0.3825,53.2700,-26.8100,-175.0000
8.1974,12.1936,0.4688,52.1500,-35.9100,-164.2900
7.8914,12.1887,0.1775,49.7700,-36.1200,-155.6100
7.7002,12.2318,-0.4688,46.6200,-35.4900,-149.7300
7.5609,12.3711,-0.9042,41.4400,-36.8200,-143.3600
7.1785,12.5045,-0.4737,25.9000,-32.5500,-137.4800
7.1932,12.4907,-0.1677,13.3000,-22.8200,-127.6800
7.4276,12.4427,-0.0284,4.1300,-11.2000,-126.6300
7.3648,12.3662,-0.1628,-9.8700,-0.2100,-113.4000
6.8676,11.9210,0.1393,-10.6400,15.1900,-105.7000
6.4557,11.7101,0.2295,-5.1100,28.7700,-103.6700
6.4126,11.9494,-0.1098,-0.4900,36.8900,-96.6000
6.1547,12.3613,-0.2589,-6.7900,35.7700,-90.3000
5.7379,12.2946,-1.1248,-17.1500,29.1200,-83.2300
5.4701,11.8160,-1.9094,-28.2800,22.0500,-75.6000
4.8288,11.0266,-1.9858,-38.6400,17.6400,-67.4100
4.4267,9.8204,-1.7083,-32.3400,15.9600,-56.2100
4.5699,9.2555,-1.9809,-21.5600,20.6500,-45.3600
5.4505,9.3801,-1.9290,-16.1000,29.6100,-34.8600
6.0536,9.7341,-0.9140,-20.3700,47.3200,-26.4600
6.2017,9.1506,-0.2775,-17.6400,59.5000,-13.3700
6.1301,7.5992,-0.4305,-5.8100,61.3200,5.0400
6.1831,6.0635,-0.9905,-8.8900,42.1400,20.1600
6.1301,4.4218,0.1628,-21.3500,17.2200,28.3500
7.4413,3.2352,1.3778,-36.6100,13.8600,32.0600
7.6570,3.3068,-0.3442,-35.2100,34.3700,48.8600
10.0979,4.3022,-5.9870,-9.1700,42.2800,58.0300
22.1532,7.6188,-8.5710,-45.2200,27.4400,11.4100
22.8181,11.2365,-16.7498,-57.3300,65.4500,-14.8400
21.9277,12.7683,-0.3687,26.0400,225.5400,52.2200
-14.0843,10.3803,-3.7285,115.0100,314.8600,62.1600
-39.3619,15.7014,-3.0195,121.8700,91.2100,-14.3500
-24.9187,17.6834,2.7616,50.8200,-115.9900,12.3900
-4.7807,14.4530,6.3508,10.5700,-104.0200,82.6700
-3.2833,12.0171,5.0485,38.0800,-45.9200,76.5800
-4.8955,11.9259,6.1831,49.4200,-98.9100,41.2300
-7.3893,12.5192,5.0151,16.1700,-164.5000,68.9500
-4.5611,11.4091,-3.3215,-49.1400,-166.8800,67.6200
-0.3207,11.3228,-11.1747,-6.9300,-131.6000,60.2700
-1.6416,12.9497,-6.9823,57.9600,-120.4000,53.0600
-4.2639,17.4960,-10.3038,73.1500,-72.9400,56.7700
-6.4842,24.3352,-5.7143,54.1100,-78.4000,92.9600
-4.5317,31.7333,8.1640,-27.8600,-135.3800,118.3000
0.7610,20.0517,5.8526,-108.6400,-138.5300,49.2800
4.8435,7.0255,1.9858,-164.9200,-135.3800,-47.0400
5.6182,1.8142,-4.7474,-142.0300,-49.9100,-80.8500
5.9585,-1.7466,-7.3128,-15.3300,-8.8200,-19.4600
3.6991,0.7414,-5.9821,87.5700,-34.3700,82.6700
2.2830,6.0684,-0.4119,135.5900,-62.9300,137.6900
3.2686,13.7205,3.1156,98.4200,-55.7900,118.8600
3.4549,19.1524,4.0482,28.2800,-26.3900,55.9300
3.4549,17.4578,2.6419,-38.9900,14.7700,-27.8600
2.9626,11.3326,-0.1961,-61.4600,23.2400,-61.4600
1.2199,6.8578,-1.2925,-53.0600,15.1900,-36.5400
0.0333,4.9337,-2.3350,-5.1100,-3.4300,25.6900
0.3393,5.2926,-2.5321,34.9300,-12.8100,48.4400
0.9807,8.0111,-1.3690,61.7400,-14.0700,40.8100
1.5357,11.1315,-0.5551,35.4200,-5.6000,23.5900
2.0241,12.2613,-0.5747,-0.7000,3.7100,9.0300
1.7750,10.8540,-1.0434,-14.1400,12.4600,4.1300
1.3592,8.6524,-1.3210,-6.9300,9.8000,11.3400
0.6561,8.1591,-1.4259,8.6800,3.7100,24.2900
-0.0235,8.5661,-1.3210,17.7100,-3.0800,34.4400
0.3972,9.2026,-1.4455,16.4500,-9.1000,38.2900
0.7845,9.6429,-1.6603,10.9900,-13.5100,38.0800
1.0101,9.5379,-1.8476,3.2200,-13.0900,35.0700
1.1052,9.2457,-1.9672,2.2400,-12.4600,36.5400
1.5455,9.0545,-1.5406,6.9300,-11.2700,43.5400
2.2879,9.2222,-1.0866,14.0700,-7.2100,51.8000
2.1437,9.7056,-0.6217,15.0500,1.4000,62.5100
1.0572,9.9587,-0.8473,6.7200,7.3500,65.8000
1.2778,9.6811,-1.7946,-6.7900,3.6400,58.8700
2.4213,8.9927,-1.9623,0.2100,-2.6600,58.3800
3.3068,8.5661,-0.8571,12.3200,1.6100,67.2700
3.8766,9.0064,-0.5452,19.4600,13.3700,82.4600
4.0913,9.9636,-0.9669,21.3500,24.7100,96.7400
3.3833,11.2031,-0.8571,21.1400,31.3600,106.8200
1.6367,12.5476,-0.3305,3.8500,41.5100,108.0800
1.3778,12.3946,-1.4975,-14.5600,36.4700,100.7300
2.4644,11.3561,-2.7135,-24.3600,15.4000,92.1200
2.6419,10.2842,-2.0535,-21.1400,3.7800,92.3300
2.8479,9.6860,-1.2729,-11.1300,7.9800,101.7800
4.6229,10.1263,-1.2876,16.1000,12.5300,119.7700
5.6614,10.6579,-1.2062,-31.9900,4.0600,109.2000
0.5502,9.5811,1.5220,-30.3100,10.0800,93.6600
4.8386,9.2320,-1.4024,-30.7300,-2.5200,100.1000
4.0678,8.6475,-0.2677,-30.3800,-3.8500,98.4200
4.4316,7.6041,-0.7894,-37.9400,1.3300,98.0000
4.4748,7.0735,-1.5269,-31.9200,3.0800,94.0100
5.0102,6.5273,-1.6603,-31.0100,-2.6600,90.7200
5.0298,5.8820,-0.7796,-29.8900,3.5700,86.1000
5.7330,5.4456,-1.2199,-18.6900,10.9900,87.0800
5.6467,5.8575,-1.3974,-12.0400,8.8200,90.6500
5.3172,6.8244,-1.3161,-4.3400,4.9000,91.8400
5.6133,7.8630,-1.0621,-1.6100,7.4200,91.3500
5.8575,8.9633,-1.0336,-2.9400,11.2000,92.8200
5.7663,10.0695,-1.0189,-2.8700,13.5800,97.1600
5.5653,11.2512,-0.7757,-2.1700,14.5600,100.5900
5.4937,12.0308,-0.6217,-9.5900,15.0500,99.4700
5.7624,11.9023,-0.2628,-13.6500,18.1300,99.8200
5.7281,11.7680,0.2393,-9.5200,22.8200,107.5200
4.9720,11.8543,0.6512,-12.5300,24.7100,111.7900
4.8004,11.1796,0.9287,-17.5000,20.5100,107.3100
5.4417,10.1842,1.1582,-16.4500,11.6900,108.2900
5.6947,10.0450,1.9809,5.4600,4.2000,121.0300
5.1642,11.4905,2.9479,11.4800,-4.2000,132.7200
4.4032,13.3851,3.1440,7.6300,-16.8000,138.9500
3.8952,14.8404,2.4409,-5.1800,-25.0600,132.4400
3.0008,14.5962,1.1729,-23.4500,-33.0400,111.1600
3.7569,13.0173,1.3111,-55.9300,-47.5300,83.5800
6.7911,10.6098,-1.6318,-80.3600,-53.4100,66.4300
12.6339,8.1640,-1.5357,-89.6000,-96.6000,69.3700
6.7146,6.9823,-2.3350,-115.0100,-60.4100,61.3200
3.6226,3.9001,0.4256,-117.5300,-27.8600,64.4000
4.9818,2.4164,-3.7707,-107.8000,-41.9300,35.7700
5.7663,1.1817,-4.2688,-83.8600,-61.5300,27.0200
4.4503,0.2393,-3.5176,-67.2700,-62.8600,13.0200
4.5699,-0.3354,-4.7141,-62.3700,-56.6300,4.2000
2.0339,-0.3011,-5.4652,-86.3800,-50.6100,-2.3100
-6.6332,-0.6365,-0.3589,-111.6500,4.2000,-40.1800
-10.8010,-3.1107,1.9574,-45.2900,71.3300,-77.0700
-12.2367,-2.1683,-1.2298,3.7800,62.2300,-120.1900
-8.7054,-0.0961,-2.7517,39.5500,5.6700,-141.2600
-7.4795,1.2680,-0.5266,57.9600,0.5600,-152.6700
-5.2877,2.7233,0.2971,50.8900,4.2000,-172.1300
-3.3549,4.0531,-0.0912,49.1400,17.6400,-192.9900
-2.1339,4.9484,0.4168,51.2400,37.3100,-210.7700
-1.2111,5.7094,0.7080,51.2400,58.7300,-221.9700
-0.2922,6.2115,0.6698,54.8100,77.2100,-226.8000
0.2873,6.5901,0.8090,62.7900,93.8700,-228.6900
0.4590,6.9725,1.0150,83.0200,108.0800,-229.1800
0.8179,7.6335,1.3925,105.3500,111.2300,-225.8900
1.3778,8.5043,3.4412,123.3400,107.4500,-219.4500
2.0957,10.3421,3.2068,117.9500,98.9800,-215.3900
3.1823,12.5290,4.2786,90.8600,78.0500,-208.9500
4.7572,14.1029,4.6229,52.7100,54.4600,-205.4500
6.5136,14.0696,4.3404,33.3200,32.3400,-204.7500
8.0111,13.1703,3.8334,31.5700,15.6100,-202.2300
8.9446,12.6202,2.7321,37.3800,4.9700,-197.6100
9.3801,12.4809,1.6554,40.3200,-5.6000,-183.9600
9.4036,12.5045,0.9287,38.8500,-12.2500,-176.1200
8.9731,12.5005,0.4884,33.7400,-13.7200,-168.3500
8.4082,12.1838,0.4501,26.8100,-12.8100,-165.8300
7.8434,11.8249,-0.1049,21.3500,-2.9400,-161.6300
7.8385,11.5238,-0.5070,20.3000,3.5000,-155.0500
7.9728,11.3659,-1.1631,15.3300,9.9400,-143.4300
8.0012,11.2129,-1.1435,13.5100,25.0600,-132.2300
7.9297,11.2267,-0.7375,10.4300,35.5600,-126.8400
8.0307,11.1796,-0.4501,5.7400,49.0700,-122.9900
7.8914,11.0933,-0.1245,0.0700,59.4300,-119.2100
7.3413,10.9021,-0.0049,-7.2100,65.4500,-112.7700
6.4606,10.5284,-0.1098,-7.2800,73.7800,-105.4200
6.0438,10.3803,-0.4688,-2.5900,78.5400,-97.8600
6.0536,10.7344,-0.4501,4.6900,81.9700,-90.3000
6.2743,11.3179,-0.9375,11.3400,84.4200,-81.9000
7.6472,11.7248,-1.4886,3.9900,90.0900,-71.3300
8.5377,11.1845,-1.8231,-3.5700,92.3300,-54.6700
8.3082,10.1313,-1.3974,-7.9100,92.1900,-39.4800
8.3602,9.1123,-0.6796,-10.0100,91.8400,-21.3500
8.1160,7.8296,-0.5403,-10.9900,89.6700,0.0700
8.2650,6.2978,-0.8140,-6.0900,84.2100,22.3300
8.7005,5.4652,-1.0572,-10.7100,70.6300,41.5100
8.3553,5.0828,-0.6315,-24.7100,44.2400,60.7600
7.8483,4.8857,-0.2393,-37.4500,35.2800,79.1700
6.5273,3.9531,0.1775,-37.5200,24.6400,93.8000
6.2547,2.4360,-1.5838,-7.5600,6.8600,110.2500
16.9792,4.9053,-9.3654,-45.5700,-38.6400,72.7300
8.1836,11.7101,-15.2611,-112.0000,42.7000,10.8500
26.2779,11.5669,-3.1342,61.6000,170.8000,22.8200
1.1582,15.3906,-2.8910,97.5100,263.8300,81.8300
-41.4870,17.3764,-6.8195,106.3300,147.9100,64.1900
-25.3355,18.2051,-1.7328,63.9100,-105.0700,66.4300
-8.8103,17.6069,0.5452,19.0400,-120.3300,115.2200
-4.6130,15.0944,-0.4452,26.6700,-36.0500,110.8800
-5.6810,14.7306,4.1972,62.5800,-73.9900,73.2200
-9.4615,16.7733,13.2851,16.0300,-183.3300,112.9100
-1.8142,15.4435,0.9669,-9.5200,-165.4100,127.8900
2.5556,14.4050,0.4207,-16.1700,-162.9600,102.7600
1.3543,13.1605,-2.7321,-41.4400,-99.3300,61.7400
2.8518,10.6961,-4.6130,-36.3300,-76.5100,49.7000
2.7370,8.8819,-6.1066,-47.6000,-74.2000,29.3300
3.1587,6.8911,-5.0396,-46.2700,-91.4900,11.8300
3.6510,5.0200,-3.1303,-37.3100,-87.7800,-4.9000
3.7187,5.9487,-7.5658,24.7800,-43.1900,28.6300
3.7040,14.9071,-1.4975,270.2000,-86.6600,90.0900
-7.4276,33.3132,19.0808,105.2800,-72.6600,142.0300
3.2833,28.0676,4.1923,-114.5200,-50.0500,64.4000
10.3803,12.8879,-0.5403,-245.6300,-87.5000,-20.3700
5.5368,4.4699,-1.4161,-196.3500,1.3300,-78.4700
1.6416,-0.2628,-2.2879,-72.5900,71.6100,-62.3000
0.7610,-0.2197,-5.3691,43.6800,41.7900,24.5700
1.5357,4.3453,-4.9004,122.0100,-29.8900,82.6000
2.4889,8.6475,-0.8041,135.0300,-46.1300,88.9700
2.6654,13.6342,1.0670,95.4100,-14.5600,55.0200
3.4500,16.3575,1.1297,5.1100,9.3800,8.6100
3.1774,14.3236,-0.4933,-63.4200,12.3200,-19.2500
2.0339,10.1695,-1.1435,-84.9800,9.9400,-23.8700
1.6220,6.8578,-1.8711,-63.3500,1.6100,-6.6500
1.8995,5.4701,-2.0957,-15.0500,-7.8400,18.1300
1.8329,6.4175,-1.4553,26.9500,-10.7800,32.4100
1.9672,8.7819,-0.8090,35.7000,-11.1300,31.0100
2.3977,10.7147,-0.4207,17.0800,-8.8200,22.1900
2.3310,11.1551,-0.5649,-13.1600,-3.9900,18.6900
1.9809,10.0351,-1.0964,-30.7300,0.0000,19.2500
2.0957,8.6377,-1.1729,-20.7900,-3.9200,26.0400
1.6652,8.1121,-0.5982,-0.9800,-5.3900,34.1600
2.2447,8.6338,-0.6129,7.3500,-6.7900,42.0700
1.8946,9.3987,-0.2197,6.1600,-5.1100,43.6800
1.8995,9.6909,-0.5168,-10.0100,-7.5600,43.1200
2.2634,9.4232,-0.9140,-13.3700,-16.2400,45.9200
2.5027,9.0309,-0.2873,-9.9400,-16.1700,49.0000
3.2254,9.1506,-0.2393,-2.5900,-11.7600,58.2400
2.6939,9.5134,-0.2628,-8.0500,-7.1400,65.9400
2.8567,9.5478,-0.8090,-15.9600,-11.1300,67.8300
3.2499,9.4850,-0.8708,-8.6100,-13.7200,74.8300
2.9626,9.6242,-0.1775,-8.8900,-3.5000,74.9700
4.4885,9.8488,-1.0670,-11.4100,-2.6600,80.2200
4.5366,10.5000,-0.4737,-3.0800,1.6800,90.2300
3.6657,11.6866,-0.1432,-4.1300,10.7100,98.3500
2.6704,13.0507,-0.5266,-23.5900,12.1100,99.6100
2.8096,12.4093,-1.0964,-51.9400,10.5000,86.6600
4.5415,9.8724,-1.9427,-37.2400,10.5000,90.1600
4.8955,10.3372,-0.5786,52.7100,23.5900,135.2400
8.0826,12.3377,0.4786,-37.4500,30.4500,113.8200
0.0863,9.6046,1.3396,-50.5400,41.8600,101.7800
6.0487,7.9542,-2.4546,-28.7700,14.7700,104.5100
3.2784,6.7234,1.3062,-30.3100,26.8800,102.6200
4.8670,5.4554,-0.1098,-27.0900,21.9100,99.5400
5.9056,5.2789,0.4688,-16.8700,24.1500,98.7700
5.4888,5.2838,0.0579,-15.7500,24.8500,95.2000
6.2213,6.4410,0.5933,2.7300,24.9900,101.2900
5.8389,9.0015,1.5406,0.5600,27.0900,103.4600
5.8526,11.1649,1.4788,-17.2900,25.4800,102.2700
5.8820,11.7680,1.5553,-28.8400,24.8500,100.8000
6.0252,11.5522,1.4886,-25.9000,24.6400,110.0400
5.6427,12.1034,1.8182,-26.3200,22.7500,118.3700
5.5751,12.8448,1.8858,-25.5500,19.2500,126.7000
4.9435,13.8784,2.1584,-24.7800,18.6200,137.4100
3.6755,14.2177,1.7034,-40.4600,14.7700,132.9300
4.0962,13.2704,0.8375,-41.8600,9.8700,128.4500
3.9482,12.8634,0.4933,-29.5400,5.8800,134.8900
2.9194,13.1703,0.2491,-24.5700,9.6600,138.8100
1.6034,13.4145,-1.0670,-34.4400,-2.5900,110.7400
0.5119,12.6672,-2.3693,-56.9800,-25.6200,80.3600
2.1055,10.6098,-2.7851,-103.1100,-42.3500,46.5500
5.6378,8.1023,-7.2883,-130.5500,-77.8400,29.0500
8.4994,7.3942,-9.6046,-134.4700,-128.6600,42.7700
14.2569,2.3399,4.0874,-126.9800,-86.8700,46.5500
11.5571,0.3589,-0.4590,-141.6800,-24.0800,62.7900
8.3553,-0.1775,-2.5988,-82.0400,31.2900,58.1000
7.2265,-0.1775,-5.0053,-62.3700,24.9900,30.1700
6.5185,-0.6080,-5.1014,-48.5100,12.8100,5.6000
3.6893,-0.8326,-4.0296,-50.4000,-0.4900,-2.8000
-4.8719,-1.2396,0.8326,-79.8700,39.5500,-29.4700
-12.7104,-0.7080,-0.2824,-0.4200,79.1000,-58.3100
-15.4720,0.4452,-1.9858,36.8900,17.5000,-111.5100
-8.7054,1.3308,-4.8621,62.1600,-56.1400,-143.8500
-4.4218,2.0241,-3.2352,90.8600,-80.6400,-156.3800
-2.6370,2.6174,-0.5551,94.7100,-58.8700,-166.1800
-1.1199,3.7854,-0.7610,102.8300,-18.7600,-172.6900
0.8179,5.2642,-1.0817,115.4300,8.6100,-176.4700
1.3396,6.7048,0.2059,110.4600,28.1400,-179.4100
0.7080,7.6090,1.2827,89.0400,43.4700,-188.3000
0.7080,7.8914,1.6171,72.4500,51.5900,-196.5600
1.0817,7.6855,1.7946,68.6000,56.1400,-207.2700
1.3827,7.3942,2.2065,77.2100,61.9500,-209.9300
1.7662,7.2746,2.8949,97.5800,68.5300,-203.2800
2.3497,7.7384,3.4412,110.6700,73.0800,-195.5800
2.9096,8.6573,3.8432,117.6700,75.6000,-187.8800
3.5078,10.0548,4.4316,111.0900,70.0000,-181.5100
4.1825,10.9638,4.7425,93.8000,59.0100,-177.8000
5.1250,11.2894,4.6611,76.3000,41.7200,-180.2500
5.9438,11.1698,4.4601,63.2800,25.2700,-185.7100
6.5656,11.0070,4.2541,56.8400,21.6300,-189.9100
7.0686,11.2365,3.3696,59.0100,13.1600,-190.9600
7.6286,11.7964,3.2921,59.5700,2.2400,-184.4500
7.5658,12.4329,3.5314,50.1200,-7.0700,-171.1500
6.8960,12.6869,3.3500,33.8800,-14.4200,-161.9100
6.4126,12.3809,2.5654,20.3000,-21.1400,-155.5400
5.9624,11.8298,1.8613,13.5100,-25.5500,-152.3200
5.6084,11.4091,1.1386,7.8400,-28.4200,-145.4600
5.2740,11.0599,0.6894,9.8000,-29.8200,-134.1200
5.0534,10.9736,0.1628,14.6300,-30.1000,-122.9900
4.9582,11.1845,-0.1863,20.5800,-28.7700,-112.6300
4.7376,11.5052,-0.4119,24.1500,-26.6700,-105.0700
4.7856,11.7631,-0.7943,24.9900,-23.8000,-98.6300
5.0014,11.9161,-1.2160,19.6000,-24.6400,-92.1900
4.8523,11.7101,-0.8473,12.3900,-22.5400,-83.0200
4.3355,11.5238,-0.4207,4.3400,-15.6100,-78.6800
4.3600,11.2414,-0.6031,-1.0500,-10.5000,-72.8700
4.1972,10.8677,-0.5933,-6.6500,-6.1600,-68.6700
3.9815,10.4519,-0.5933,-7.4900,-2.9400,-62.4400
3.5127,10.2274,-0.6796,-7.5600,1.5400,-53.9000
4.1060,10.2274,-1.2827,3.6400,14.7700,-45.2900
4.2453,10.4853,-0.7943,1.6800,23.4500,-47.0400
4.4846,10.3470,-0.7561,-6.0900,32.7600,-42.9100
4.7425,9.5046,-0.9522,-6.8600,46.1300,-35.4200
5.2064,8.8250,-0.6600,-4.5500,54.5300,-24.1500
5.8193,7.8865,-0.6266,-0.5600,63.1400,-11.5500
5.8909,6.8578,-0.3923,-0.8400,65.2400,-1.5400
5.4986,5.6565,-0.3491,-1.6800,62.2300,9.3100
5.4888,4.5846,-0.7228,-2.1000,54.5300,23.4500
6.4371,3.8570,-0.7228,1.8900,50.9600,41.4400
8.9201,3.7569,-2.0957,-2.4500,61.1100,57.4700
10.5951,3.4117,-1.2729,-1.6100,71.5400,74.2000
10.9305,3.2156,-1.0150,5.7400,74.5500,94.5700
18.1953,4.2737,-4.0099,1.7500,60.1300,92.8900
5.2740,6.4322,-17.5441,-21.6300,-77.7700,31.4300
35.5099,18.1041,-0.0912,-94.0800,64.8900,-51.1700
-4.4169,12.3181,0.7463,82.1100,220.7100,135.3100
-44.0809,13.6293,-6.4459,114.1700,164.8500,54.2500
-27.7038,19.0131,1.8476,80.1500,-117.8800,58.3100
-8.8485,16.3859,3.7707,-24.5000,-169.9600,100.9400
-0.8708,10.1165,3.1391,8.1900,-61.5300,110.8800
-3.9148,10.6814,3.4931,54.5300,-28.0000,68.1800
-7.3981,13.4145,9.5134,61.1800,-124.5300,84.3500
-4.8239,14.9169,2.0486,6.3000,-120.6100,98.5600
1.2494,15.7308,0.4119,17.5700,-126.8400,92.9600
-1.5269,14.8120,-1.4406,-32.6200,-86.6600,69.8600
-2.7566,17.2568,-18.3149,22.4000,-22.4000,56.9100
-4.4316,29.5945,7.9395,200.0600,-100.7300,133.0000
-8.2072,36.7298,8.5808,30.1700,-131.1100,200.2700
8.8299,16.5438,5.1877,-226.0300,-204.0500,55.0200
7.7286,2.9763,2.2634,-313.8800,-124.7400,-13.5800
4.7523,-4.2110,-4.7327,-240.1000,48.6500,-75.8100
6.2547,-4.5699,-11.6915,21.0000,50.0500,-23.1700
7.1353,-1.4886,-6.7431,214.6900,-38.3600,89.8800
1.4690,4.2110,2.2732,278.5300,-48.5800,130.2700
-0.8855,17.8412,8.4994,131.7400,-3.9200,122.1500
2.4929,22.2582,0.8228,-13.6500,4.9700,69.4400
5.6516,17.0802,-1.6318,-87.9200,-18.4800,1.8900
2.9675,10.4323,-1.2582,-116.3400,-1.6100,-34.5800
0.8953,5.8428,-2.4311,-90.4400,10.9900,-27.9300
1.6220,3.6177,-3.0724,-33.1800,-3.1500,9.3800
2.2536,4.1639,-2.1437,41.6500,-17.9200,50.4000
2.5360,7.4795,0.2393,73.8500,-13.7900,60.2000
2.8714,11.4522,0.5364,47.1100,-6.3700,46.8300
3.4647,13.2419,0.1344,-17.5000,-5.1800,23.6600
2.9910,11.8641,0.1344,-41.7900,0.2100,15.1900
2.0339,9.3752,-0.4884,-48.5800,6.3700,14.2100
1.5838,7.7571,-1.1533,-29.1900,1.6800,23.8700
1.9525,7.3795,-1.2680,1.4700,-6.7900,34.0200
2.4507,8.0542,-1.0817,14.0000,-10.4300,39.6900
2.6370,9.1594,-0.6845,11.6200,-8.6100,39.9000
2.8429,10.2028,-0.5835,1.1200,-5.3200,37.2400
2.5556,10.2558,-0.7708,-17.0800,-0.9800,33.5300
2.5223,9.4997,-1.3690,-29.2600,-3.0800,29.8200
2.8518,8.5475,-1.5073,-25.3400,-10.5000,30.1000
3.2019,8.2121,-0.5403,-6.0900,-11.2000,38.7800
2.6802,8.9201,0.4021,-0.4900,-1.4000,45.5000
2.9910,9.6242,-0.3491,-7.1400,-5.7400,49.4900
2.9812,9.8341,-0.6266,-14.6300,-13.3000,44.5900
2.9626,9.5762,-0.3785,-16.0300,-14.5600,46.0600
3.1685,9.3271,-0.4501,-14.9100,-9.9400,48.2300
3.6608,9.3987,-0.6894,-9.1700,-12.1100,57.9600
3.5941,10.0214,-0.2971,-2.4500,-12.4600,67.6200
3.5745,10.9354,-0.1294,-6.3700,-8.8200,73.7800
3.6942,11.6101,-0.5315,-18.2700,-5.7400,75.3200
3.5461,11.2610,-0.5021,-28.2800,-4.5500,74.9700
3.4549,10.4421,-0.6463,-28.9800,-1.5400,77.1400
3.4696,10.0695,-0.8610,-8.4000,2.2400,91.7000
5.7232,11.1845,0.3972,29.8900,4.4800,115.9900
8.3847,12.7016,3.4313,-49.5600,-0.8400,94.2900
-1.4122,9.0211,2.2398,-65.2400,22.3300,88.9700
5.5319,8.1974,-3.9580,-3.3600,-14.3500,109.4100
3.5078,9.3085,0.8375,-29.8900,2.0300,105.8400
4.4552,7.5423,-2.6272,-40.6700,5.8800,94.4300
5.6467,6.3263,-1.5406,-19.8800,11.4100,99.1900
4.6709,6.6568,-1.7083,-13.7900,14.8400,102.7600
4.8239,7.4128,-1.1484,-6.3000,12.6000,101.6400
5.6712,8.3847,-0.3491,-5.1800,15.8200,100.6600
5.6810,9.3036,0.3874,-7.0000,18.7600,104.0900
5.6663,10.3038,0.8326,-6.5800,17.2900,110.6000
5.3740,11.5238,1.4690,-10.6400,17.5000,115.7800
4.8955,11.8494,1.5504,-25.3400,14.2100,114.0300
5.6231,11.1796,1.0719,-20.0900,11.1300,122.9200
5.2926,11.9406,1.2778,-1.5400,7.8400,135.1000
4.1394,13.3282,1.7750,-5.3900,-1.1200,144.4800
3.6177,13.6342,1.8142,-17.0800,-9.8000,139.1600
3.6373,12.9360,1.7995,-22.5400,-14.7700,127.0500
3.5843,12.3711,1.5602,-21.6300,-16.3100,120.3300
3.3117,12.0406,1.3013,-27.2300,-19.2500,115.0800
3.0106,11.3708,1.1199,-41.2300,-21.2800,104.4400
3.6991,10.0930,0.2589,-67.4100,-19.0400,82.3900
4.7856,8.4033,-0.8708,-107.3800,-31.5000,62.2300
7.4079,6.4704,-4.3836,-126.7700,-85.3300,37.8700
9.3604,4.9533,-6.7234,-150.2900,-151.4100,36.1900
10.0597,2.4546,2.7566,-105.7000,-96.8100,43.0500
7.9061,0.6512,0.9522,-82.3900,-43.7500,72.1000
5.6614,1.4259,-2.0241,-32.2700,7.9800,64.8200
5.9585,2.3879,-3.6608,-27.8600,-6.8600,38.0800
3.5892,2.7282,-3.8138,-53.8300,-22.5400,9.8000
-0.6315,2.2496,-2.6939,-77.8400,-15.4000,-21.3500
-6.6666,1.8809,-1.3259,-105.7700,26.1100,-56.5600
-13.3331,-3.6991,4.7474,-54.1800,69.8600,-74.7600
-10.1548,-3.6706,-3.0489,-84.2100,30.2400,-150.5000
-6.9539,-1.4936,-8.7240,-14.3500,-20.0200,-176.1900
-7.3697,-1.7848,-3.3450,104.0200,-19.4600,-183.8900
-6.4322,0.3736,-0.9336,120.8900,1.2600,-191.3100
-2.9577,2.7900,-0.7375,134.3300,8.1200,-197.8900
-0.5364,4.8621,-0.5835,136.8500,19.6700,-205.8000
0.1196,6.4753,0.8179,132.5100,41.7200,-214.4100
0.1628,7.7237,2.3114,107.9400,65.6600,-226.2400
0.4835,8.8299,2.4311,112.2100,83.5800,-238.3500
1.1386,9.5948,2.1202,107.1000,92.7500,-246.0500
1.4975,10.9589,2.9577,99.1900,92.8200,-245.3500
1.9045,10.1460,3.4166,94.5700,95.1300,-236.7400
2.6654,10.6334,3.9580,81.9700,98.6300,-225.8200
3.8481,11.1982,3.8481,78.8900,95.6200,-210.3500
5.0681,12.0122,3.9099,73.9200,83.7900,-199.6400
5.8722,12.9114,4.1492,66.4300,60.4800,-196.0000
6.3606,13.4282,3.9433,55.9300,42.7000,-199.7800
6.8392,13.4528,3.9629,43.6100,34.2300,-205.1700
6.9441,13.3469,3.6608,36.6800,31.6400,-203.2800
6.9774,13.2370,2.6419,36.4700,24.2900,-192.9900
6.3606,13.0507,1.7466,34.7900,12.9500,-184.6600
5.8006,12.6918,1.1199,33.5300,-2.4500,-178.6400
5.3358,12.4574,0.6943,33.0400,-16.1700,-178.0100
5.1730,12.5192,0.1579,24.5000,-26.8800,-168.1400
5.4986,12.6104,-0.3305,26.1100,-30.2400,-154.1400
5.5270,13.2321,0.2344,20.7900,-21.0000,-146.3700
5.6810,13.8548,0.2491,10.7800,-9.9400,-141.0500
7.2363,13.8499,-0.1775,4.3400,-2.3100,-131.7400
6.5901,13.5194,-0.6512,-4.4100,2.6600,-118.3700
6.4557,12.9791,-0.3874,-14.2800,-1.6100,-103.8800
5.9487,12.0406,-0.9954,-15.7500,-7.3500,-88.3400
5.8144,10.9923,-1.7799,-9.5200,-13.9300,-76.9300
6.8244,10.5186,-2.5076,-1.3300,-19.8100,-66.9900
7.7620,10.6579,-2.1732,-14.8400,-20.8600,-58.2400
8.7671,10.1263,-1.2013,-23.1000,-7.4200,-45.7800
9.3173,8.9495,-0.0049,-26.9500,19.7400,-34.2300
9.8586,7.7384,-0.3638,-10.2200,61.9500,-17.6400
9.4467,7.7149,0.1628,0.9800,82.1100,-0.3500
9.2791,8.3415,-0.6315,21.6300,88.8300,21.8400
9.3418,9.4183,-0.1098,9.5900,82.6000,32.5500
9.9351,8.4710,-1.2249,-3.1500,77.2100,59.7100
10.8393,6.7381,-1.3013,-19.4600,76.5100,77.4900
13.3331,5.1975,-1.4259,-26.9500,90.5800,100.6600
12.2465,3.9001,-1.0670,-25.4800,110.9500,114.6600
11.6052,3.1970,-2.6605,15.8900,122.9900,118.9300
10.5137,5.4937,-7.4991,-71.2600,60.2000,82.9500
-12.3132,14.0265,-15.3621,-143.0100,29.1900,-25.6900
4.6229,11.8445,-12.4476,55.1600,184.9400,7.5600
2.7616,9.1359,-0.7943,85.4000,149.1700,13.2300
-21.3393,20.5587,-2.7665,75.3900,130.2700,75.1800
-25.4551,19.8457,2.1869,20.5800,-14.3500,63.1400
-10.7873,13.8166,-0.6747,3.7100,-86.3100,75.5300
-1.0434,9.4850,4.5464,31.5000,-19.3200,81.4100
-4.3022,8.9064,8.3984,42.7000,-17.7800,56.7000
-6.2017,11.3424,7.6855,43.2600,-87.1500,59.3600
-7.3364,12.6672,1.9192,-4.7600,-104.7200,79.3800
-3.9197,13.6244,-4.0148,3.7800,-107.3100,77.2100
-1.4886,15.2611,-3.4264,43.7500,-95.4100,80.1500
-1.6034,16.5968,-3.0675,44.5200,-76.7200,83.6500
-1.2631,17.0087,-5.0632,8.8900,-72.2400,88.4100
-1.3062,17.1420,-6.0487,6.5100,-74.6900,89.1100
-0.1912,18.4483,0.0961,30.3100,-94.4300,91.0000
1.0768,19.1141,5.2495,-30.7300,-95.7600,85.3300
3.4647,14.4001,4.6042,-100.4500,-75.6000,48.5100
4.0874,8.4327,1.1964,-135.3100,-51.0300,12.8800
4.4885,3.6373,-2.9332,-108.4300,-29.6800,-2.4500
3.8187,2.2300,-5.2642,-24.5700,-19.5300,15.8200
2.7135,3.3450,-4.1443,86.3800,-26.1100,60.2700
1.5220,7.5707,-1.1435,140.2800,-24.2200,84.5600
1.7848,13.5959,2.2016,90.7900,-29.8900,76.5800
2.8233,16.7017,2.7998,-3.7800,-28.2100,54.8100
3.0106,14.2804,2.0388,-56.7700,-12.8800,17.2200
2.3016,10.1744,-0.6414,-69.9300,2.1000,-6.1600
2.0770,7.2648,-2.5556,-54.3200,-10.0100,-3.2200
1.9094,5.8722,-2.2967,-8.6100,-22.9600,24.8500
2.0535,6.1017,-1.5749,19.7400,-20.9300,38.4300
2.7851,8.1738,-1.3357,39.0600,-18.2700,41.4400
2.9763,10.3509,-0.6266,17.0800,-15.7500,30.6600
3.0195,11.1119,-0.4168,-11.0600,-10.5000,20.4400
2.8812,10.2891,-0.5698,-20.7900,-4.3400,17.2900
2.1339,9.2026,-0.6649,-17.6400,-0.9800,21.2800
1.3827,8.3082,-0.5452,-12.0400,-4.5500,26.4600
1.8044,8.1121,-0.7992,-5.1100,-14.0700,32.4800
2.1820,8.4661,-0.5600,3.9900,-19.6000,38.4300
2.4546,8.8868,-0.0530,1.1900,-17.8500,38.6400
3.0008,9.1261,-0.4256,-6.7900,-15.3300,37.2400
3.3068,9.0731,-0.7610,-9.9400,-14.1400,37.8700
3.3068,9.2457,-0.5551,-3.5000,-11.0600,43.4000
2.9528,9.7821,-0.0235,4.6200,-6.7900,49.8400
1.8564,10.5137,0.5403,-2.3100,-6.2300,55.5800
2.1967,10.3990,-0.3785,-28.2800,-11.7600,51.2400
3.1970,9.3703,-0.8140,-29.8200,-22.0500,50.9600
3.5176,8.8338,-0.3785,-12.1100,-15.5400,58.7300
3.4696,9.3173,-0.3589,-1.8900,-7.0000,70.1400
3.3068,10.2744,-0.5070,-9.5900,-8.2600,74.2000
3.5510,10.8158,-0.4168,-24.6400,-9.9400,75.0400
3.3980,10.4568,-0.3540,-30.3100,-8.1200,76.0200
3.4549,10.1263,-0.5364,-22.6800,-9.8000,81.9700
3.4980,10.8726,-0.5217,-3.3600,-8.8900,94.2900
3.3980,12.8251,-0.1579,13.5100,-4.4800,109.7600
5.2642,14.4383,1.0385,-14.9100,-29.1200,124.2500
2.3928,12.7781,2.0104,-67.9700,10.2900,105.4900
3.4843,8.7387,-2.5605,-36.3300,1.6800,121.5900
4.3738,9.0927,-0.1098,-5.8100,-2.0300,130.0600
3.1872,8.4798,-0.7512,-36.8200,6.7200,112.2100
5.6996,6.7195,-1.8946,-23.9400,5.1100,108.9900
5.1446,6.1929,-0.7992,-2.6600,17.7100,113.4000
4.9769,7.1981,-1.1150,13.0900,18.6900,114.5900
5.2877,8.8299,-0.7659,5.6000,21.1400,110.6000
5.3642,8.9535,-0.5747,-7.9100,26.3200,105.9100
5.8771,7.8296,-0.4207,0.5600,28.9800,108.2200
5.7575,8.3268,0.0333,14.2100,32.2700,113.1200
5.6133,10.0597,0.4403,17.7800,30.9400,119.0700
5.2976,11.2080,1.1866,6.2300,28.5600,117.9500
5.3505,11.2561,1.2827,-3.1500,29.4700,115.7100
5.2309,10.5667,0.9189,-10.7100,30.9400,115.5700
5.0200,9.8439,0.5452,-10.9200,26.3200,116.9000
4.9484,9.5811,0.6365,-3.3600,22.1900,120.1200
4.7376,9.9351,0.5315,3.3600,19.8100,123.7600
4.5797,10.5716,0.6080,8.4000,14.9800,127.4700
4.2021,11.5003,0.7031,7.5600,11.2700,128.5200
3.3303,12.2701,0.6649,-1.0500,13.3700,121.6600
2.5507,12.0259,0.0716,-37.7300,15.7500,97.2300
3.8903,9.9155,-1.5073,-83.1600,-6.7200,63.2100
7.2785,7.2118,-2.3065,-116.1300,-25.2700,39.7600
10.3656,5.0485,-4.3218,-122.5700,-44.0300,38.9900
12.7820,2.9194,-2.2879,-94.5000,-34.3700,57.4700
12.3377,2.2634,-0.4550,-73.7800,3.4300,81.4100
9.1888,2.1437,1.7466,-53.6200,21.5600,99.8200
3.7667,4.6709,-3.3019,-36.8200,57.9600,85.9600
4.6758,4.3306,-2.3693,-20.7900,22.9600,48.7900
7.3216,3.9766,-2.5556,-32.6200,-0.4200,11.3400
8.5710,3.2401,-1.6897,-18.9700,7.1400,-4.0600
10.1263,2.5890,-2.3261,-21.7700,30.1000,-6.1600
10.9305,1.7799,-3.4745,-48.3000,56.3500,0.9100
9.0927,0.3109,-3.5412,-57.6800,76.1600,-0.9100
2.6037,-0.6512,-4.6611,-73.4300,81.0600,-10.0800
-9.9253,-1.0768,1.5357,-32.2700,123.6900,-38.2200
-22.3876,-4.7190,2.0869,32.2700,123.0600,-76.4400
-19.9605,-1.1248,-4.1159,60.6200,-1.4000,-160.5800
-12.1367,1.5073,-7.2167,139.5800,-105.8400,-201.6000
-7.8247,2.3016,-3.4313,179.4800,-106.4700,-215.8800
-3.0724,3.6657,-0.8993,196.9800,-78.5400,-217.2800
-0.3874,5.6231,0.1775,208.1100,-3.1500,-210.2100
1.1386,7.7433,2.4840,209.7900,47.3900,-205.5200
0.8090,9.9302,3.5461,181.4400,84.7700,-208.8100
0.0716,11.2463,4.5366,140.3500,99.7500,-221.0600
-0.6747,11.1315,5.3888,102.6900,106.5400,-236.6000
-0.3256,9.7576,5.4417,80.8500,111.8600,-247.3800
1.3739,8.2935,5.2926,93.2400,122.0800,-240.5200
2.4262,7.8434,6.0399,120.2600,137.4800,-221.5500
3.1921,8.6475,6.5273,147.1400,146.5800,-198.5900
3.9717,10.6245,6.0635,146.5100,151.6900,-190.9600
4.8906,12.5957,5.1210,130.4800,132.8600,-188.8600
6.1880,13.8980,5.7859,101.2900,114.8700,-192.4300
6.7146,14.1324,6.2017,83.3000,94.7800,-202.7200
6.6234,13.5194,6.0487,76.2300,79.9400,-208.6000
6.1448,13.2655,5.7094,77.5600,62.9300,-206.2900
5.5800,13.3714,5.5417,75.3900,37.8700,-197.1200
5.0534,13.4998,5.2162,64.4700,15.7500,-185.2900
4.8768,13.3086,5.0681,49.7000,-6.4400,-173.0400
4.8768,12.8212,5.1250,37.7300,-16.7300,-164.0800
5.0249,12.4574,4.2257,31.9200,-17.7100,-157.8500
5.2926,12.3377,3.3166,27.8600,-3.3600,-149.8000
6.0968,12.2564,1.7279,21.7000,8.4700,-143.4300
6.4842,12.1367,0.3638,17.4300,12.0400,-135.3100
6.0301,11.8592,0.3256,16.1000,13.2300,-126.2100
5.1828,11.5140,1.4259,15.4000,29.6100,-118.7900
5.1397,11.5669,1.1817,13.5100,55.3700,-112.0000
5.4603,12.0308,0.8953,12.1100,72.0300,-103.2500
4.8906,12.6535,1.4504,1.4700,83.4400,-94.0100
4.7807,12.6290,1.0287,-7.0700,82.8100,-85.7500
4.6130,12.1701,0.5168,-14.9800,80.7800,-78.4700
4.7572,11.2659,-0.3687,-10.3600,83.3000,-64.2600
4.6513,10.4284,-0.5649,-3.9200,84.9100,-54.3900
4.8239,9.5948,-0.7277,-2.8000,82.6700,-40.6700
5.8526,8.8633,-2.7665,7.2100,86.0300,-15.6100
6.8480,9.4134,-2.4840,11.5500,87.6400,-25.5500
7.1932,9.3320,-2.3595,-2.1700,85.0500,-28.1400
7.2314,8.4131,-1.6083,-5.2500,85.2600,-10.7800
7.8051,7.2216,-1.4886,-3.1500,86.3100,20.7900
8.2317,6.2164,-1.9809,1.0500,84.6300,32.2000
9.3899,5.5270,-3.2538,-0.9100,75.7400,42.2100
9.6478,5.2740,-2.7419,-10.2200,70.1400,59.2200
8.2503,4.2404,-1.4073,-4.6200,68.7400,80.5000
8.6671,3.7952,-1.6416,6.3000,67.2000,101.7100
16.7782,4.1590,-4.5611,-40.0400,40.7400,76.6500
24.2440,13.7156,-30.8007,-71.8900,61.6700,-18.2000
6.0252,15.6730,-1.9525,13.1600,103.3200,4.0600
-2.2781,13.5626,3.6128,65.9400,180.0400,96.3200
-38.5441,16.2329,-1.1680,65.7300,6.1600,31.9900
-23.3016,15.9407,1.2298,3.6400,-164.7800,47.4600
-0.0667,11.0305,3.4029,-3.8500,-77.7000,87.2900
-2.6988,9.9832,0.5933,27.0200,-12.5300,96.3900
-7.5756,11.6101,0.5884,21.2100,-120.6100,70.9100
-8.6377,12.8212,-3.3833,-13.5100,-172.9000,80.7100
-6.4371,13.0693,-9.1977,-36.4000,-145.9500,82.9500
2.8763,12.7300,-6.4753,35.9800,-113.8900,83.6500
2.9047,14.1324,1.0150,66.7800,-60.7600,70.4900
-0.1726,15.1562,1.2347,22.0500,-49.0000,61.6000
-1.7711,13.7205,-0.8659,-33.3200,-67.6200,69.8600
-1.2347,10.8677,-1.4641,-50.9600,-95.5500,60.4100
-0.2197,9.2987,-3.9580,-5.0400,-95.6900,49.8400
0.5168,10.4755,-5.6663,85.5400,-92.9600,55.7200
1.0336,16.2663,-0.7796,132.0200,-107.1000,76.5800
1.7034,22.5023,8.1591,16.8700,-109.1300,92.5400
5.4701,17.4676,5.6663,-103.0400,-72.0300,55.2300
7.1883,9.8341,3.8138,-125.7200,-18.0600,9.5900
4.2071,5.8006,-0.2344,-73.0800,67.3400,-4.4800
0.2677,4.9004,-4.5513,-11.2000,66.7800,20.0200
0.2589,5.8006,-5.1779,18.9000,14.3500,46.6200
0.5747,6.8676,-3.4549,38.7800,-20.3700,67.2700
2.0820,8.3366,-1.2925,61.8800,-10.7100,60.9700
3.2450,10.7726,-0.3825,52.5000,18.6900,43.4700
2.7321,12.6486,-0.4168,20.3000,28.7700,32.3400
1.5504,11.9112,-1.1101,-48.2300,16.9400,21.0000
1.5171,9.0731,-1.6701,-59.2200,-6.7900,11.4800
1.9672,6.6999,-1.9907,-31.5700,-15.6100,7.2800
2.9626,5.8722,-2.1388,24.6400,-10.4300,19.6000
3.3647,7.7482,-1.0483,66.9900,3.0800,40.3900
2.9528,10.7775,-0.2491,57.2600,15.4700,49.3500
2.5703,12.5290,-0.1814,16.9400,18.2000,41.1600
2.6125,11.9063,-0.7277,-11.3400,19.6700,25.2700
2.3163,10.2274,-1.1052,-14.2800,25.6200,21.0000
2.0623,9.1977,-1.6318,-1.5400,29.4700,31.2900
1.7995,9.1741,-2.3448,14.1400,25.5500,47.9500
1.2396,9.7007,-2.0486,12.8100,18.6200,54.1100
1.8427,9.5517,-1.6848,-0.9800,7.0000,46.4800
3.5657,8.6622,-0.8473,-7.3500,5.3200,18.6200
4.1109,7.9061,-0.1814,3.9200,16.6600,35.9100
3.4215,8.2552,-0.9669,9.4500,26.3900,47.3200
2.6272,8.8338,-2.1486,2.3100,18.4800,53.5500
2.2536,9.4997,-5.6084,20.9300,27.1600,56.9100
3.3549,9.1163,-5.9105,50.4700,9.1700,42.9100
3.0960,9.2791,2.2781,36.4700,4.6200,69.9300
3.1970,11.4954,-0.6365,16.3100,31.4300,83.8600
2.7616,11.6581,-0.0049,16.8700,20.1600,74.7600
2.7714,11.2659,0.3256,-14.0000,14.4900,71.8900
3.2352,9.5478,-0.1000,-15.4700,16.3800,66.6400
4.0099,8.7387,-1.0150,-8.4000,15.4000,75.9500
3.6991,8.7191,-1.7279,-0.5600,16.7300,88.8300
3.9384,8.6907,-2.1339,5.2500,16.2400,92.8200
4.4316,8.9780,-1.7564,19.1100,22.1900,94.2200
4.7905,9.5948,-0.9336,20.6500,31.5700,95.2000
4.5513,9.9587,-0.4452,14.7000,38.7800,96.6000
4.3502,10.2077,-0.2491,12.9500,36.9600,101.2200
3.9285,10.1695,0.3256,9.1700,33.3900,101.8500
4.2257,9.9106,0.6943,7.3500,30.3800,102.4800
4.5611,9.5860,0.8277,2.2400,31.2900,102.4100
4.6895,8.7005,0.5021,-11.2000,30.5200,96.5300
5.1495,7.1736,-0.2344,-19.3900,29.3300,89.6000
5.3986,5.5849,-0.8424,-16.1000,29.9600,85.4700
5.6663,4.6229,-1.6416,-1.8900,29.0500,87.0100
6.0252,4.4797,-1.8613,17.9200,28.2800,91.0700
6.1213,5.1642,-1.8142,33.9500,31.3600,93.6600
6.4753,6.1635,-1.8182,35.7700,33.1100,89.7400
6.5469,6.9196,-1.6652,36.5400,37.7300,88.9000
6.3694,7.5854,-1.5122,41.8600,40.6700,92.6100
6.2164,8.6524,-1.2778,44.2400,41.3700,98.7700
5.8006,9.7007,-0.7708,36.0500,41.7200,99.6800
5.8673,9.4850,-0.9042,25.6200,44.3800,95.9700
6.2547,8.9250,-1.5504,31.4300,46.4800,104.5800
5.9007,9.3604,-1.8329,46.1300,45.7800,115.5700
5.6378,10.7295,-1.8613,55.1600,43.6800,126.3500
5.8909,12.1318,-1.3013,58.2400,45.4300,132.7200
5.6996,13.3380,-0.3393,60.7600,47.0400,139.9300
4.9004,14.3040,0.6463,56.3500,44.3100,145.5300
4.1590,14.7355,1.8995,47.4600,37.9400,147.2800
3.7236,14.2657,2.8331,30.2400,32.9000,138.0400
4.0345,12.9546,3.3166,9.2400,25.4100,117.6000
4.7043,11.1168,3.6510,-24.8500,7.4900,95.5500
8.9348,9.0015,1.1680,-59.4300,-14.4900,75.3900
11.5768,7.2599,-3.2205,-66.5000,-36.1200,70.4900
11.0070,5.3789,-3.4500,-54.8800,-23.1700,73.7100
6.5656,6.2311,-6.9058,-20.1600,-28.9100,57.8200
5.8958,4.6895,-0.9669,-19.6700,-34.5800,42.4200
6.4126,3.2205,-2.6556,-35.7700,-19.7400,25.2700
8.8633,1.6171,-4.0962,-3.8500,-26.7400,8.8900
9.4467,0.9767,-3.4313,14.0700,-14.7700,6.5800
9.2506,0.3393,-4.6807,7.0000,-0.0700,4.5500
9.8537,-0.0814,-10.0930,-34.2300,9.1700,-11.1300
-2.2447,0.0049,-8.8633,-117.1100,83.3700,-48.3000
-12.3564,-5.3554,2.4546,-20.8600,177.4500,-95.0600
-19.2769,-6.6666,6.2066,126.7000,223.3700,-124.8800
-10.6863,-0.3736,3.0106,117.9500,110.2500,-153.8600
-7.7051,4.1345,2.0957,141.9600,15.5400,-176.6800
-10.2989,5.4839,7.8385,103.3200,10.0800,-212.1000
-6.9196,7.0686,4.8906,74.7600,7.2100,-269.0800
-2.3977,7.6188,1.3494,69.2300,0.7700,-300.5100
-0.1961,7.3511,2.2585,69.0200,22.6800,-296.0300
1.0866,7.1451,2.8910,68.5300,69.1600,-272.5100
2.4213,7.1451,3.7040,77.4200,134.9600,-250.3900
2.5027,7.9630,4.4797,85.1900,162.1200,-244.1600
1.5073,9.0496,5.2358,86.8700,178.2900,-252.0700
0.7277,9.9253,5.4456,86.9400,190.8900,-261.8700
0.7463,10.3754,5.4986,94.7800,188.8600,-263.9000
1.3974,10.3705,6.6185,101.5700,180.8100,-257.1800
2.4840,10.3852,7.3942,116.6200,164.9900,-243.6700
4.1972,10.8393,7.9199,125.4400,144.6900,-228.7600
5.8624,12.0504,6.9009,113.7500,126.2100,-214.2700
8.1405,13.0075,6.0105,83.8600,105.6300,-202.8600
9.7772,13.6587,5.8144,69.9300,94.5000,-208.2500
10.1695,13.7107,6.7715,56.1400,101.0100,-216.5800
10.1116,13.7538,6.2017,46.9000,102.9700,-214.0600
10.0499,13.6724,4.8818,42.0000,95.0600,-198.8700
9.4418,13.3380,3.8334,33.3200,75.3200,-179.0600
8.7956,12.9016,2.8047,17.9200,64.3300,-161.3500
8.5995,11.9788,2.1918,4.2000,47.1800,-148.8900
8.2170,10.9834,1.2111,-7.2800,19.2500,-136.9900
7.7149,10.1028,0.8375,-4.9000,4.4100,-123.2000
7.5472,9.6674,0.4982,4.9700,1.8200,-90.3700
7.8630,9.7145,0.0147,12.8800,7.7000,-74.2700
8.1503,10.0351,-0.6561,19.1800,17.7100,-77.8400
8.3033,10.2695,-0.8424,21.0000,25.6900,-63.4200
7.8002,10.3705,-0.2971,18.5500,28.5600,-55.8600
6.7617,10.3705,0.8659,7.0700,31.7100,-53.2700
5.9340,10.1646,0.4305,-12.3900,36.4700,-50.8200
5.3260,9.3752,0.4933,-16.4500,37.1700,-48.0900
4.8719,7.4079,0.6943,-15.4000,41.8600,-41.8600
4.6562,8.4798,0.3589,-5.4600,48.7900,-35.0000
4.9151,9.1359,-0.3109,-3.6400,61.6000,-30.5200
5.7575,9.8537,-0.9336,-5.6000,73.3600,-31.6400
5.7330,9.9881,-1.2199,-21.9100,83.3000,-33.9500
5.8722,9.1741,-1.9290,-25.6900,90.7200,-26.6700
5.9438,8.6044,-2.4644,-29.8900,94.9200,-23.1700
6.1115,8.3749,-2.5125,-33.0400,97.5100,-20.7900
6.8774,8.5524,-2.0820,-49.2800,116.7600,-16.0300
6.5705,7.2452,-1.4739,-51.3100,134.4700,0.2100
3.7422,4.5464,-1.1964,-24.9900,131.0400,30.1700
4.2110,3.1774,-1.6318,-3.2200,102.6200,53.0600
5.1348,3.2019,-2.0143,8.1200,60.5500,70.2100
15.5004,4.1345,-6.5567,2.2400,11.9000,82.5300
27.7616,7.5325,-34.3135,-2.3800,-121.6600,17.0100
35.5913,14.2422,8.0974,14.2100,180.3900,32.6900
-18.0374,14.4530,-5.8860,101.5000,395.9900,120.4700
-43.0992,18.6111,-12.0504,106.1900,286.8600,34.0900
-33.3416,19.2142,-1.0915,76.9300,-85.7500,51.1000
-13.4763,18.5640,-4.3934,-23.4500,-240.5900,138.8800
-4.4983,14.2275,-5.2358,-8.5400,-87.9900,147.8400
1.1435,14.5629,8.2601,68.0400,-90.7900,99.2600
-9.2173,21.1235,8.9927,41.8600,-92.3300,124.3900
-1.5269,19.3622,3.9197,-1.6800,-162.1200,144.9000
-3.4215,17.2283,5.6898,-35.9800,-191.9400,122.2900
-0.5649,12.8349,2.1251,-103.6700,-172.8300,81.9000
6.4508,8.5377,-8.0209,-174.0200,-106.2600,22.6800
9.7821,6.5136,-21.6021,-91.5600,-14.5600,-17.0100
7.7620,6.5567,-18.7023,102.2700,-69.3000,18.5500
0.7561,9.5429,21.2961,391.2300,-102.6900,99.5400
-5.6761,25.1246,20.8077,-3.7100,-17.4300,106.8200
5.6378,20.9039,4.7425,-93.3800,4.2700,91.4900
6.8480,12.1750,-2.8429,-149.3100,21.9100,11.8300
3.2254,6.6420,-5.5133,-99.4000,19.9500,-43.6100
0.0618,3.4696,-2.9292,-54.6700,14.3500,-29.7500
0.0235,2.8714,-3.5176,2.8000,-22.3300,19.5300
3.1156,4.8004,-3.3166,83.0200,-45.1500,60.4100
3.2450,9.2124,0.8277,101.4300,-18.7600,63.6300
2.7566,13.7872,0.1393,48.1600,2.1000,43.4700
2.9096,15.0365,-0.1912,-27.6500,1.8900,14.0700
2.3732,11.9406,-0.8806,-66.4300,3.6400,-10.0100
1.6652,8.3602,-0.7894,-58.5200,2.8700,-3.5700
1.7181,6.3459,-0.4403,-23.9400,-1.8900,17.6400
1.7662,6.6666,-0.6649,15.7500,-6.7900,35.9100
1.8280,8.6142,-0.2442,19.3900,-7.7700,37.0300
2.3977,10.2558,-0.5315,0.8400,-8.4000,26.6700
2.7714,10.4617,-0.5021,-14.1400,-8.7500,19.3900
2.3399,9.3222,-0.1049,-21.9800,-0.9800,19.1800
2.3781,8.6956,-1.0434,-14.4200,0.5600,25.2000
2.2967,8.6044,-1.0670,-4.5500,-5.1100,32.4800
1.9623,9.0349,-0.4933,0.6300,-8.9600,36.4700
1.9094,9.5330,0.0284,-3.6400,-5.2500,34.9300
2.1820,9.7292,-0.4688,-11.6900,-5.9500,35.0000
1.9476,9.4232,-0.3638,-20.2300,-8.3300,35.2100
2.5174,8.7720,-0.7080,-23.1000,-11.2700,35.7700
3.1823,8.2935,-0.5502,-13.3000,-11.3400,40.6000
3.6275,8.3033,0.2589,-1.4000,-4.6200,47.0400
3.1872,8.9927,0.7463,5.8100,1.3300,59.0100
2.1732,10.0783,0.6315,-0.8400,5.0400,61.5300
2.9096,10.3225,-0.5168,-13.6500,3.1500,57.4700
3.5225,10.0548,-1.0866,-16.2400,4.2700,59.7800
3.7569,9.7145,-0.4688,-3.2900,10.7800,72.5200
2.8616,10.3421,-0.3060,-1.4700,20.0200,86.8000
2.7851,10.7579,-1.2013,-18.6900,19.5300,85.8900
3.8952,9.8724,-1.9623,-25.9000,14.7000,78.4000
4.7141,8.7534,-0.8326,-12.3200,27.3000,78.6100
5.2358,9.3801,-0.7129,10.1500,35.6300,98.4200
3.6471,11.5052,0.7708,5.1800,38.9200,110.1800
3.5696,13.2949,-0.6796,24.7100,54.9500,130.2700
7.4707,14.3040,-6.0017,-56.3500,28.4200,109.6200
-0.4354,14.0363,4.8337,-6.4400,53.8300,123.9700
5.5084,12.8879,-0.0961,-38.0800,50.9600,116.9000
3.4029,10.4519,1.5936,-30.1000,48.8600,116.1300
4.1394,8.3170,2.9243,-44.6600,44.7300,109.8300
4.3306,6.4802,2.7419,-48.0900,41.4400,105.7000
4.3120,4.6425,2.0957,-50.1900,31.1500,94.9900
5.6663,3.4166,1.9339,-44.8000,24.5000,95.9700
6.1448,4.1208,1.3641,-6.4400,24.1500,114.5200
5.7330,7.0392,1.9290,-0.6300,20.7900,120.4700
6.2449,9.4085,2.3016,-14.7700,20.2300,113.8200
6.2743,10.1077,3.0822,-32.6200,33.3900,104.4400
5.8428,9.9685,2.9528,-47.9500,35.7700,99.6800
5.9536,9.4752,2.0770,-45.6400,28.1400,104.8600
5.7624,10.1499,2.2585,-29.6100,23.6600,118.5800
5.4701,12.3897,2.6037,-15.8200,20.7900,136.5700
4.8190,15.1748,2.5939,-18.5500,16.3100,151.2000
2.5556,16.9694,2.2967,-28.5600,9.3100,155.4000
2.0388,17.2332,2.1104,-43.6800,3.9200,139.1600
1.6220,15.9407,1.1964,-66.3600,-2.2400,116.7600
1.6848,13.8637,0.1961,-77.5600,-10.7800,101.2900
1.2778,11.5336,-0.7512,-99.8900,-27.0200,87.2900
0.6080,10.0548,-3.6804,-119.2100,-90.1600,70.7000
2.0437,8.4661,-4.0099,-140.9100,-149.5200,42.2100
10.4372,3.2538,-1.5936,-182.6300,-162.7500,38.0100
16.4055,0.5452,-7.2697,-154.9800,-136.7100,39.5500
15.6151,-1.4024,-5.4888,-89.1100,-77.5600,55.3000
7.8679,-0.6600,-3.5745,-50.1900,2.3100,69.9300
4.9249,-0.4403,-4.2071,-35.9800,16.4500,61.2500
6.1301,-0.0765,-7.6041,-37.1000,-13.1600,38.2200
5.6516,-0.5747,-6.5999,-12.6700,-14.9100,20.9300
2.3448,0.2677,-6.0782,-18.0600,24.9200,7.1400
-5.5614,-1.0817,-0.3736,-48.0900,84.0000,-30.9400
-7.9199,-2.1918,-1.2876,-0.3500,104.9300,-83.1600
-8.7622,-1.2347,-2.6086,59.9900,71.4700,-108.0800
-5.1681,-0.6178,-2.2300,84.9100,25.1300,-119.2100
-2.6654,0.7080,-1.7799,119.4900,13.9300,-116.6200
-0.7659,2.1388,-0.9189,128.1000,12.0400,-124.3900
0.4168,3.7040,-0.5021,130.2000,14.2800,-138.4600
0.9620,5.2407,-0.4305,128.3800,23.6600,-154.8400
1.6985,6.7381,-0.0814,121.3100,30.3800,-170.5900
2.4742,7.5139,0.4884,108.4300,43.8900,-182.5600
3.0773,7.9061,1.4592,100.1000,60.0600,-189.2800
3.4696,8.1689,2.4409,95.9000,69.7900,-191.2400
3.9629,8.5612,2.9675,96.6700,78.0500,-191.2400
4.4071,9.1359,3.3882,96.7400,84.9100,-190.4700
4.6513,9.5183,3.6324,98.7000,78.6800,-191.1700
4.2208,9.8204,4.3218,92.8900,73.0100,-193.4100
4.6562,10.0214,4.7660,103.4600,69.0200,-178.2200
5.2407,10.6628,5.3358,107.3800,68.2500,-167.7900
5.6565,11.4855,5.6898,98.0000,71.8200,-165.8300
5.7477,11.9543,5.3740,80.9200,69.2300,-168.6300
5.5653,11.8111,5.0347,62.6500,56.8400,-169.8900
5.2691,11.2414,4.7572,54.1800,36.6100,-167.1600
5.1348,10.8344,4.5797,54.4600,25.1300,-160.6500
5.1828,10.7873,4.1874,57.8900,13.5800,-152.3200
5.0965,11.0737,3.9580,60.1300,4.0600,-145.9500
4.7376,11.4042,4.2071,58.6600,-0.4200,-141.1900
3.9629,11.7582,4.2786,53.2700,-2.6600,-140.1400
3.2107,11.9112,3.2970,44.8700,-7.9800,-140.4900
2.8479,11.7533,2.6419,37.8000,-15.6100,-139.2300
2.6086,11.4375,1.8044,33.1100,-23.0300,-135.8000
2.4213,11.1266,1.0817,32.1300,-25.9000,-131.1800
2.5458,10.9589,0.4590,34.8600,-25.2000,-125.2300
2.5556,10.8393,0.6315,37.5900,-21.9800,-120.6100
2.4978,10.9256,0.8659,40.3900,-15.1900,-115.9200
2.3977,11.1413,0.9522,41.5100,-10.0100,-111.2300
2.3879,11.3894,0.9473,37.8700,-8.6800,-108.9900
2.4262,11.8249,0.6463,29.8200,-9.1700,-109.1300
2.6988,11.9592,0.0530,18.6900,-16.8000,-109.3400
2.9861,11.8396,-0.3785,9.6600,-21.1400,-108.7800
3.1725,11.3943,-0.5884,3.2900,-22.4700,-105.6300
3.1538,11.0884,-0.9336,2.7300,-19.7400,-102.6200
3.3784,10.9874,-1.2298,6.9300,-13.0200,-98.7000
3.7324,11.2178,-1.3778,8.7500,-0.8400,-94.7100
4.0962,11.4659,-1.0964,5.6700,7.7700,-90.3700
4.1492,11.3512,-1.2013,0.3500,12.3900,-85.8200
4.0825,10.7628,-1.4024,-0.6300,17.7800,-79.1700
4.3355,10.1077,-1.2199,-0.7000,21.7700,-69.9300
4.6895,9.6860,-0.8659,-2.7300,28.6300,-56.2800
5.3691,9.3418,-0.5600,-4.8300,42.1400,-45.2900
5.6133,8.5808,-0.0284,1.1200,60.0600,-33.3200
6.1448,7.7482,-0.3060,17.0800,79.5200,-19.8800
6.5420,7.2167,-0.3158,19.1800,101.3600,-3.4300
6.4940,6.9588,0.0098,33.8800,120.9600,14.0700
6.1547,7.0686,-0.2540,40.5300,132.1600,28.2800
5.8340,7.1118,-0.5786,33.7400,132.6500,39.3400
5.1926,6.4175,-0.5502,29.2600,126.7000,51.3800
4.9671,5.8095,-0.4590,18.9700,117.5300,63.7000
4.3738,5.0053,0.1432,10.5700,113.5400,76.6500
4.3836,4.1159,0.8610,16.3800,91.0000,89.9500
5.1014,3.5990,0.5551,21.0700,103.1800,96.2500
6.9058,3.7756,-0.0235,13.1600,97.9300,95.1300
6.9245,4.2355,0.5551,3.9900,94.5000,94.8500
4.5748,4.8621,2.6753,0.7000,98.4900,104.6500
4.6807,4.1492,0.7080,27.8600,70.7700,102.4100
4.6513,6.7813,-0.5600,-88.7600,-5.0400,49.0000
2.0623,7.1118,-14.4099,-85.2600,-111.5800,6.0200
49.4549,21.8080,-4.6758,-22.6800,-29.0500,-57.2600
3.8815,16.0515,1.8946,77.0000,227.0100,156.5900
-46.8415,15.7642,-10.5480,91.2800,123.9000,86.8700
-31.0537,18.2472,-4.7239,45.9900,-133.4900,42.4900
-5.0730,15.3092,5.2642,-5.6700,-176.4700,84.9100
-1.9574,9.9498,3.4461,4.7600,0.4200,105.2800
-1.7417,11.0648,-0.2873,28.0700,-42.7000,74.1300
-9.8488,15.7397,7.6570,20.5100,-114.7300,84.2100
-6.5224,17.2430,2.3781,17.1500,-131.7400,87.0800
0.9669,19.6408,5.1544,37.0300,-137.0600,80.9900
-0.7943,18.4394,5.2593,-37.5200,-132.7900,76.5800
1.2729,13.5145,-0.8090,-78.4000,-105.1400,68.7400
2.2153,10.2077,-4.9288,-66.7100,-87.5700,53.1300
3.1058,9.2124,-8.8868,-32.4800,-68.5300,15.6800
3.4500,9.3987,-10.7873,39.3400,-47.1100,10.2900
2.9047,11.6199,-5.9624,130.0600,-34.7200,24.5700
2.4075,17.0989,8.3082,120.1200,-53.1300,59.7100
1.3396,22.4347,9.4615,-32.2000,-25.2000,62.7900
4.1639,14.7443,4.5081,-117.9500,-10.2200,30.3100
4.2541,9.2271,-1.2582,-143.5000,15.6100,-10.1500
2.9626,5.4888,-4.2639,-91.8400,32.4800,-23.8700
1.7799,3.8089,-4.3600,-32.2700,19.3900,-9.4500
1.8280,3.9433,-4.2541,32.8300,1.1900,20.5800
3.1921,5.7330,-1.9623,100.5200,2.1000,48.7200
3.3549,9.2555,0.4737,123.8300,17.9900,51.9400
3.0146,13.2517,0.3972,67.2700,30.2400,38.9900
3.1774,14.1078,-0.9042,-27.8600,26.8800,-0.4900
2.6174,11.6483,-1.3827,-54.3200,20.1600,-23.0300
1.7181,8.6426,-1.2631,-45.7100,17.7100,-27.3000
1.6083,7.0392,-2.0918,-15.7500,6.0200,-14.4900
1.7368,7.2020,-2.7802,25.6900,-16.5200,6.4400
1.6171,8.5475,-1.5887,31.0800,-22.9600,14.6300
1.7466,9.9832,-1.0434,14.7000,-19.3900,9.1000
2.2065,10.2362,-1.2680,1.0500,-11.1300,-7.0000
2.9812,9.6380,-0.7894,-2.3100,-6.3000,-15.5400
2.9047,9.1163,-0.6747,-0.3500,7.7000,-11.1300
2.2781,8.7142,-0.9091,5.7400,15.7500,-0.5600
1.3690,9.1261,-2.3065,4.8300,13.0900,-15.0500
2.0006,8.6338,-0.5698,0.0000,12.3900,8.1900
2.6517,8.8299,-0.9856,5.4600,11.5500,5.6700
2.6900,9.1212,-1.6083,4.2000,11.4100,8.0500
1.8613,9.2408,-1.1101,2.3100,6.9300,3.1500
2.0339,9.4752,-1.6269,0.7700,2.1000,0.1400
2.4644,9.2741,-1.2494,-0.3500,2.7300,1.3300
2.6370,9.1359,-0.8228,3.8500,8.5400,4.0600
2.5703,9.2840,-0.8424,4.2000,12.1800,6.5800
2.1584,9.3938,-0.8904,1.5400,10.8500,6.0900
1.7848,9.3173,-1.0238,-1.6100,7.7000,3.1500
1.9672,9.1074,-1.2827,-2.3100,3.8500,1.9600
2.1967,8.9682,-1.6465,-1.8200,3.3600,2.5900
2.4360,8.9633,-1.2827,0.2100,5.0400,6.0900
2.2928,9.2457,-1.0287,0.7700,12.6700,10.7100
2.0055,9.6291,-1.2445,-3.2200,13.8600,14.0000
1.7368,9.5948,-1.4975,-7.9100,12.0400,14.5600
2.0869,9.2173,-1.4161,-8.6800,9.5900,15.0500
2.6125,8.8966,-0.4884,-1.8900,14.4900,19.8800
2.7037,9.2320,-0.4786,1.1200,25.3400,28.2100
2.4546,9.6860,-1.0964,-6.0200,28.1400,32.7600
2.0574,9.6193,-1.5455,-11.2000,25.7600,34.3000
1.8662,9.2075,-1.3543,-12.2500,24.7800,40.5300
2.2536,8.9535,-1.3161,-5.2500,28.3500,46.4100
2.6556,9.2555,-1.3778,6.3700,34.2300,49.7700
2.6654,9.5909,-1.4788,5.8100,33.3900,53.3400
2.6988,9.7910,-1.0964,2.2400,28.7700,58.1000
2.8096,9.9155,-0.9287,0.5600,27.0200,60.9000
3.2882,10.2362,-0.8806,-1.6800,25.9700,61.1100
3.3303,10.6481,-0.6031,-7.2800,29.2600,60.4800
2.7851,10.7912,-0.1628,-19.0400,33.4600,60.2700
2.7900,10.5284,-1.0003,-25.4100,28.1400,61.9500
2.8763,10.3088,-1.0101,-19.7400,22.6100,67.4800
3.3215,11.0217,-0.0235,3.8500,21.3500,90.0900
3.1058,12.9016,-1.2964,-23.3100,15.9600,96.8100
1.1101,13.4381,0.4590,-16.1000,26.2500,75.8800
3.0244,13.7254,-2.6086,-38.5000,13.9300,88.9700
3.7952,12.9879,-0.6031,-24.9900,13.5100,94.2900
3.4931,12.9448,-0.7561,-21.7700,38.2900,108.7100
4.5846,13.6106,-2.3399,-14.0700,36.9600,123.0600
1.3739,14.1226,-0.2157,-19.3900,50.6800,124.8100
1.3827,14.3285,-1.3161,-24.5700,57.6800,122.9900
1.9672,14.2706,-1.7034,-29.5400,50.8900,127.3300
0.8277,14.0510,-1.2445,-35.4200,50.0500,130.2700
0.6080,14.0215,-0.8522,-39.5500,42.0700,130.2000
0.5502,14.1226,-0.2873,-44.0300,41.3700,129.6400
0.5884,14.0510,0.1814,-51.1700,51.1000,127.5400
0.0863,13.4145,0.6943,-62.7900,50.7500,124.9500
-0.1393,11.9641,1.7515,-71.6100,43.0500,119.2800
3.5078,9.9920,0.2726,-77.7000,21.3500,121.3800
7.9012,8.9015,-3.3549,-69.0200,-27.0200,130.6200
7.8581,9.0349,-5.4986,-60.6200,-55.0200,133.9100
3.2107,8.4367,-1.3111,-48.3700,-28.1400,122.0800
-0.1726,7.4178,1.2729,-45.8500,26.6000,87.5000
-0.2971,6.9196,0.1912,-57.5400,39.4800,49.9800
0.8179,6.2792,-0.9140,-68.3200,14.2800,28.4200
1.6220,5.3407,-1.4788,-71.4700,-7.2100,15.9600
1.9192,4.4463,-3.0146,-83.4400,-20.6500,9.1000
1.7613,3.2735,-3.1440,-68.6000,-10.3600,-1.4700
1.7368,2.4978,-3.1205,-52.2900,20.9300,-25.3400
-1.1631,2.3879,-1.4210,-3.5700,50.6100,-54.1100
-4.9249,2.6556,2.6802,35.6300,60.9700,-83.9300
-5.6614,3.3303,3.5275,35.6300,47.8100,-107.1000
-4.0060,4.2688,1.9907,25.8300,26.8800,-115.7100
-2.1339,4.4032,1.2876,23.8700,14.1400,-112.5600
-1.3210,4.4846,1.7417,43.3300,10.4300,-135.3800
-1.6465,4.6513,1.9858,36.8900,8.1900,-172.8300
-2.0672,4.7807,1.3974,41.3000,1.4000,-186.9000
-2.6086,5.0298,1.1729,54.3900,-8.2600,-191.5200
-3.0342,5.3642,1.3739,72.2400,-10.0100,-196.6300
-2.7949,5.9291,1.6367,86.8000,-6.0900,-204.8200
-1.9241,6.8862,1.4788,105.0000,-5.6000,-218.1900
-1.3690,8.4563,1.8809,98.7700,-1.4000,-228.2700
-0.9767,9.7488,2.1820,92.6800,0.6300,-234.7800
-1.0768,10.9589,2.5174,82.8100,-1.1200,-245.0700
-1.2729,11.9210,2.8331,74.6200,-12.6000,-258.1600
-1.0964,12.7535,2.9145,64.0500,-22.4000,-273.7000
-0.3540,13.3380,1.2729,54.0400,-28.5600,-283.8500
0.7178,13.6675,1.7328,53.6900,-27.8600,-287.0700
1.7515,14.2952,1.1533,57.7500,-21.0700,-285.1800
3.3352,15.4818,0.6512,59.7100,-13.9300,-279.8600
5.2024,16.8027,0.8375,54.6700,-0.5600,-273.5600
7.5521,17.6402,0.2589,53.4800,11.2000,-263.8300
9.6193,18.0609,-0.4786,52.3600,15.6100,-251.5100
11.2747,18.3002,-0.8522,40.1100,16.3100,-235.5500
12.7398,17.8648,-0.1814,31.1500,15.8900,-214.6200
15.1228,15.6926,-0.4590,25.2700,19.3200,-188.7900
17.2136,13.6969,-0.9669,24.9900,19.4600,-161.2800
18.6974,11.8494,-0.8659,27.3700,15.2600,-125.9300
19.2426,10.5569,-1.0287,20.9300,13.8600,-83.6500
18.4532,9.3124,-0.7031,16.9400,20.5100,-42.9100
17.1852,8.5092,-0.0235,20.7900,22.1900,-4.4800
15.7348,8.4994,1.2347,22.4700,8.6800,31.4300
14.1029,8.8299,5.2407,21.5600,-29.6100,69.8600
9.5664,13.2037,-1.6985,-28.0000,-64.2600,104.3700
-11.5385,22.4445,-5.4888,-81.3400,-18.8300,52.5000
-14.5962,20.2046,6.3214,-12.6700,-16.0300,57.3300
-4.1727,11.2365,8.3984,6.6500,-55.7900,63.2100
2.9194,7.4413,2.4693,-62.7200,-122.0800,91.0700
2.3212,6.7431,-5.1299,-44.0300,-146.5800,114.5200
1.5024,4.8190,0.2197,28.0000,-113.3300,106.9600
3.2068,6.6234,1.7564,92.8900,-52.8500,95.9700
3.9001,11.7297,-0.4550,84.7700,-47.0400,105.1400
0.8277,14.1559,-0.7992,15.6100,-54.0400,102.4100
-0.2246,12.4378,-0.8806,-44.5900,-51.8700,69.9300
0.7414,9.1790,-1.6603,-36.1900,-42.5600,39.6200
1.4592,7.0971,-0.5364,0.0700,-14.5600,36.9600
2.0770,7.0441,0.2157,25.9000,16.8000,52.3600
2.2585,8.6044,-0.1432,42.0000,25.5500,70.9800
0.9905,10.2460,0.2971,31.9900,24.0800,72.6600
-0.1677,10.8677,0.5217,11.2000,19.9500,58.5200
0.2491,10.5618,-0.0049,13.9300,12.6700,34.2300
0.2873,10.0734,-0.0431,17.7100,14.0000,21.7700
0.2824,9.7625,-0.2344,16.8700,12.6000,23.5200
-0.1344,9.6144,-0.4639,12.4600,3.2900,32.4100
-0.4354,9.4183,-0.4835,10.6400,-6.5800,36.2600
-0.0382,9.2320,-0.7463,10.0100,-10.3600,30.3800
0.9042,9.2604,-0.9954,14.0700,-3.7800,21.5600
1.5602,9.5232,-0.7080,16.8000,12.0400,17.6400
1.9339,9.8008,-0.9287,13.2300,27.5800,17.6400
1.5220,9.8302,-0.5070,7.0000,33.9500,19.8800
0.6031,9.7145,-0.5403,2.0300,33.8800,19.1100
0.2059,9.4948,-0.8757,2.5900,23.9400,16.2400
0.1294,9.3369,-0.9189,6.7900,15.5400,14.9800
0.2197,9.2653,-0.3393,11.6900,10.6400,16.6600
0.4256,9.4134,-0.6178,11.5500,7.4200,17.8500
0.7414,9.5429,-1.2396,9.4500,4.8300,17.4300
1.0150,9.4232,-1.5406,8.8200,3.6400,15.4700
0.9767,9.2026,-1.5122,15.7500,5.1800,15.7500
0.7708,9.1408,-1.0483,21.3500,7.7700,17.4300
0.8179,9.3899,-0.9571,22.0500,8.2600,19.6000
0.9287,9.6331,-0.9375,17.3600,6.5800,20.7900
0.7992,9.5811,-0.5551,13.8600,3.6400,20.6500
0.6217,9.4467,-0.7463,11.7600,2.1000,20.3000
0.6698,9.3467,-1.0817,12.6000,-4.2000,20.6500
0.7228,9.3222,-1.1346,12.3200,-6.7900,21.5600
0.9620,9.3987,-0.8953,14.5600,-4.9700,22.9600
1.3445,9.5134,-0.6600,14.3500,-0.8400,22.9600
1.5789,9.5615,-0.6129,11.9000,3.8500,21.2100
1.3396,9.4899,-0.6845,8.6100,6.5100,19.8100
1.1150,9.3703,-1.0866,6.0900,4.6900,18.9000
